1,1003,23,водитель,погиб,невиновен
2,442,861,водитель,ранен,невиновен
2,1225,530,кучер,погиб,виновен
3,734,120,водитель,ранен,невиновен
4,272,332,водитель,погиб,виновен
5,156,566,водитель,цел,невиновен
5,1961,837,водитель,ранен,виновен
5,528,385,кучер,ранен,виновен
6,1900,45,водитель,ранен,невиновен
6,1728,297,водитель,цел,виновен
6,584,757,велосипедист,погиб,невиновен
7,1792,672,водитель,погиб,виновен
7,1532,180,велосипедист,ранен,невиновен
8,1472,188,водитель,ранен,невиновен
8,649,470,велосипедист,погиб,невиновен
9,1112,842,водитель,цел,виновен
9,1679,567,велосипедист,ранен,невиновен
10,805,896,водитель,цел,невиновен
10,494,373,велосипедист,погиб,невиновен
10,1585,735,кучер,ранен,виновен
11,741,469,водитель,ранен,невиновен
12,1926,293,водитель,ранен,невиновен
13,1038,348,водитель,цел,виновен
13,247,508,кучер,погиб,невиновен
14,102,699,водитель,погиб,невиновен
15,574,781,водитель,цел,невиновен
15,256,585,велосипедист,погиб,невиновен
15,1939,313,кучер,цел,невиновен
16,1106,81,водитель,погиб,виновен
17,1607,690,водитель,погиб,виновен
18,1428,620,водитель,погиб,виновен
19,50,596,водитель,ранен,виновен
20,1323,933,водитель,погиб,виновен
21,318,775,водитель,погиб,невиновен
22,909,677,водитель,цел,невиновен
22,1343,432,водитель,цел,виновен
23,763,480,водитель,погиб,невиновен
23,559,316,водитель,погиб,невиновен
24,8,467,водитель,погиб,виновен
25,1288,378,водитель,цел,невиновен
25,897,507,водитель,погиб,невиновен
25,925,220,велосипедист,цел,виновен
26,838,868,водитель,погиб,невиновен
26,1493,636,велосипедист,цел,виновен
26,67,735,кучер,погиб,невиновен
27,1040,797,водитель,погиб,невиновен
28,558,514,водитель,ранен,невиновен
28,518,869,кучер,ранен,виновен
29,1989,806,водитель,погиб,невиновен
30,420,55,водитель,погиб,невиновен
31,350,275,водитель,погиб,невиновен
32,1467,712,водитель,цел,невиновен
33,1501,939,водитель,ранен,невиновен
33,380,287,велосипедист,ранен,виновен
34,422,876,водитель,ранен,виновен
34,122,215,водитель,ранен,виновен
35,43,64,водитель,ранен,невиновен
36,1785,993,водитель,цел,виновен
36,1914,507,водитель,ранен,невиновен
37,1731,372,водитель,погиб,невиновен
38,408,336,водитель,ранен,невиновен
38,1938,385,кучер,погиб,невиновен
39,525,534,водитель,ранен,виновен
39,1675,671,велосипедист,погиб,невиновен
40,1098,352,водитель,ранен,невиновен
40,330,189,велосипедист,цел,невиновен
41,931,299,водитель,цел,виновен
41,418,75,водитель,погиб,виновен
42,1337,323,водитель,погиб,виновен
42,565,106,водитель,ранен,виновен
42,1655,173,кучер,ранен,виновен
43,508,770,водитель,цел,виновен
43,1966,788,водитель,погиб,виновен
43,572,309,велосипедист,ранен,невиновен
44,360,565,водитель,цел,виновен
44,776,652,водитель,цел,виновен
44,1590,629,кучер,ранен,виновен
45,706,849,водитель,ранен,виновен
45,1995,72,велосипедист,погиб,невиновен
46,1853,505,водитель,цел,виновен
47,75,121,водитель,ранен,невиновен
47,722,393,велосипедист,погиб,виновен
48,1130,843,водитель,ранен,виновен
48,1895,875,велосипедист,погиб,невиновен
49,1972,760,водитель,ранен,невиновен
49,560,517,велосипедист,погиб,невиновен
49,1124,783,кучер,погиб,виновен
50,144,348,водитель,погиб,виновен
50,1085,330,велосипедист,погиб,невиновен
51,1725,689,водитель,ранен,виновен
51,1768,609,водитель,ранен,виновен
52,280,630,водитель,погиб,невиновен
52,870,456,велосипедист,погиб,виновен
53,1389,155,водитель,ранен,невиновен
54,469,901,водитель,ранен,невиновен
55,457,565,водитель,цел,виновен
55,36,808,кучер,ранен,невиновен
56,408,267,водитель,погиб,виновен
57,253,739,водитель,ранен,виновен
57,163,895,велосипедист,ранен,невиновен
58,1919,264,водитель,цел,невиновен
58,1241,719,водитель,цел,виновен
59,1656,434,водитель,погиб,невиновен
59,696,405,велосипедист,цел,виновен
60,1086,858,водитель,погиб,невиновен
61,1451,81,водитель,цел,виновен
61,1471,804,кучер,погиб,виновен
62,1374,20,водитель,погиб,невиновен
63,364,568,водитель,цел,невиновен
63,693,367,кучер,погиб,виновен
64,579,469,водитель,ранен,невиновен
64,817,518,кучер,цел,невиновен
65,918,161,водитель,цел,невиновен
66,1393,515,водитель,цел,виновен
67,598,103,водитель,ранен,виновен
68,79,358,водитель,ранен,невиновен
68,695,750,водитель,цел,виновен
69,1619,845,водитель,ранен,виновен
70,114,746,водитель,погиб,невиновен
70,1978,419,водитель,погиб,невиновен
71,1256,481,водитель,погиб,виновен
71,1829,441,кучер,погиб,виновен
72,79,526,водитель,ранен,виновен
72,259,497,велосипедист,цел,невиновен
72,1592,288,кучер,погиб,виновен
73,423,123,водитель,ранен,виновен
73,531,517,велосипедист,цел,виновен
74,492,881,водитель,цел,виновен
75,1950,326,водитель,погиб,невиновен
76,425,547,водитель,ранен,виновен
76,1484,486,водитель,цел,виновен
77,925,469,водитель,цел,невиновен
78,323,980,водитель,цел,невиновен
79,665,701,водитель,погиб,невиновен
80,1366,682,водитель,ранен,виновен
80,630,71,водитель,ранен,виновен
81,1054,884,водитель,погиб,невиновен
82,1154,644,водитель,погиб,виновен
82,1768,557,кучер,цел,невиновен
83,891,395,водитель,погиб,невиновен
83,653,787,велосипедист,ранен,виновен
83,1871,290,кучер,ранен,невиновен
84,1031,848,водитель,ранен,невиновен
85,274,612,водитель,погиб,виновен
85,1129,759,велосипедист,ранен,виновен
85,1512,956,кучер,погиб,виновен
86,449,88,водитель,ранен,виновен
87,232,428,водитель,погиб,виновен
88,1438,693,водитель,погиб,виновен
89,715,144,водитель,погиб,виновен
89,1990,739,водитель,ранен,невиновен
90,234,985,водитель,ранен,виновен
90,874,51,велосипедист,ранен,невиновен
91,132,68,водитель,цел,невиновен
92,839,795,водитель,погиб,виновен
93,1990,933,водитель,ранен,невиновен
93,1844,530,кучер,цел,невиновен
94,337,63,водитель,цел,невиновен
94,661,820,водитель,цел,невиновен
95,32,658,водитель,погиб,невиновен
96,414,95,водитель,цел,виновен
96,535,495,велосипедист,ранен,невиновен
96,240,140,кучер,цел,виновен
97,714,775,водитель,цел,виновен
97,1633,247,кучер,цел,виновен
98,566,565,водитель,цел,невиновен
99,1753,316,водитель,погиб,невиновен
100,1165,768,водитель,цел,виновен
100,1152,786,водитель,цел,виновен
101,251,454,водитель,ранен,невиновен
102,1450,945,водитель,цел,виновен
103,1310,69,водитель,цел,невиновен
103,1458,904,водитель,цел,невиновен
103,807,208,кучер,цел,невиновен
104,485,919,водитель,погиб,виновен
105,687,197,водитель,погиб,виновен
105,1954,518,кучер,погиб,виновен
106,1800,431,водитель,ранен,невиновен
106,975,895,велосипедист,цел,невиновен
106,240,140,кучер,погиб,невиновен
107,1879,323,водитель,ранен,виновен
108,226,67,водитель,цел,невиновен
108,503,248,кучер,погиб,невиновен
109,662,847,водитель,ранен,невиновен
109,1739,574,водитель,ранен,виновен
109,638,757,велосипедист,цел,невиновен
110,1920,537,водитель,ранен,виновен
110,2,147,кучер,цел,невиновен
111,577,49,водитель,ранен,невиновен
111,1211,130,велосипедист,цел,виновен
112,1458,206,водитель,цел,виновен
113,520,109,водитель,ранен,виновен
114,329,113,водитель,погиб,виновен
115,1311,447,водитель,ранен,невиновен
115,127,937,кучер,ранен,виновен
116,1800,115,водитель,цел,невиновен
117,338,383,водитель,погиб,виновен
117,1330,448,кучер,цел,невиновен
118,1636,896,водитель,погиб,невиновен
118,1580,17,водитель,погиб,виновен
119,506,676,водитель,ранен,невиновен
120,879,886,водитель,ранен,невиновен
120,677,534,водитель,ранен,виновен
121,1417,696,водитель,погиб,невиновен
122,1241,552,водитель,цел,невиновен
123,1830,940,водитель,погиб,невиновен
123,539,517,велосипедист,ранен,невиновен
124,353,743,водитель,погиб,невиновен
124,1724,144,водитель,ранен,виновен
125,1770,638,водитель,цел,виновен
125,751,74,велосипедист,погиб,виновен
126,141,188,водитель,погиб,невиновен
127,323,113,водитель,ранен,виновен
128,1015,96,водитель,цел,виновен
129,1883,696,водитель,цел,виновен
129,1165,391,кучер,погиб,виновен
130,1451,491,водитель,ранен,невиновен
130,548,808,кучер,ранен,невиновен
131,692,116,водитель,ранен,виновен
131,221,114,водитель,погиб,невиновен
132,185,465,водитель,ранен,невиновен
132,1411,151,велосипедист,погиб,невиновен
133,525,796,водитель,цел,невиновен
133,1061,138,велосипедист,ранен,невиновен
134,1203,452,водитель,ранен,виновен
135,493,10,водитель,ранен,виновен
135,954,600,водитель,цел,невиновен
136,1255,114,водитель,ранен,виновен
136,447,556,кучер,цел,виновен
137,1765,799,водитель,погиб,невиновен
138,979,251,водитель,погиб,виновен
139,26,424,водитель,цел,виновен
139,1334,471,водитель,цел,невиновен
140,46,152,водитель,погиб,невиновен
141,1362,597,водитель,погиб,невиновен
142,34,700,водитель,погиб,невиновен
142,994,998,водитель,погиб,невиновен
143,1305,683,водитель,цел,невиновен
143,198,509,водитель,погиб,виновен
144,293,431,водитель,цел,виновен
144,311,938,кучер,ранен,виновен
145,889,418,водитель,погиб,виновен
145,1571,643,велосипедист,погиб,виновен
146,1856,848,водитель,цел,невиновен
146,1371,852,водитель,погиб,невиновен
146,455,759,велосипедист,ранен,виновен
147,1939,53,водитель,погиб,невиновен
147,1229,372,водитель,цел,невиновен
148,1027,269,водитель,ранен,невиновен
148,51,350,водитель,цел,виновен
148,248,815,кучер,погиб,невиновен
149,1538,800,водитель,ранен,виновен
149,1497,85,водитель,цел,невиновен
150,1419,53,водитель,ранен,виновен
151,14,65,водитель,ранен,невиновен
151,1145,390,велосипедист,цел,невиновен
152,747,755,водитель,ранен,невиновен
152,122,987,водитель,погиб,невиновен
153,911,244,водитель,погиб,виновен
154,30,514,водитель,ранен,виновен
155,1015,137,водитель,погиб,виновен
155,1610,208,кучер,ранен,виновен
156,1855,97,водитель,цел,невиновен
157,258,955,водитель,ранен,невиновен
157,1702,345,водитель,цел,невиновен
157,1926,171,кучер,цел,невиновен
158,200,485,водитель,ранен,виновен
159,1826,466,водитель,погиб,виновен
160,1407,532,водитель,погиб,невиновен
161,1622,633,водитель,погиб,виновен
161,1454,89,водитель,цел,невиновен
162,714,985,водитель,ранен,невиновен
162,1953,625,велосипедист,ранен,невиновен
162,1524,173,кучер,погиб,невиновен
163,1002,500,водитель,ранен,невиновен
163,832,862,водитель,ранен,виновен
164,574,812,водитель,ранен,невиновен
164,1229,757,велосипедист,цел,невиновен
165,1682,27,водитель,ранен,невиновен
166,410,215,водитель,цел,невиновен
167,1031,14,водитель,цел,виновен
167,308,956,кучер,погиб,виновен
168,366,861,водитель,погиб,невиновен
169,296,250,водитель,погиб,невиновен
170,1725,920,водитель,цел,невиновен
170,1430,780,велосипедист,ранен,невиновен
171,1871,738,водитель,ранен,виновен
171,1192,659,водитель,цел,невиновен
172,16,644,водитель,цел,невиновен
172,1352,406,водитель,погиб,невиновен
173,1401,705,водитель,ранен,виновен
173,1547,221,водитель,погиб,невиновен
174,1680,644,водитель,погиб,виновен
174,642,724,водитель,погиб,виновен
175,1778,311,водитель,погиб,невиновен
175,133,521,водитель,цел,невиновен
175,1277,592,велосипедист,цел,виновен
176,1768,299,водитель,погиб,виновен
177,456,75,водитель,цел,виновен
177,640,398,кучер,погиб,невиновен
178,461,707,водитель,цел,невиновен
179,1029,822,водитель,ранен,виновен
179,314,783,кучер,погиб,невиновен
180,1490,744,водитель,цел,виновен
180,638,741,водитель,цел,виновен
181,1363,568,водитель,цел,невиновен
181,523,903,водитель,цел,виновен
182,197,949,водитель,погиб,невиновен
183,1031,854,водитель,ранен,виновен
183,1521,802,велосипедист,цел,невиновен
184,1828,718,водитель,погиб,виновен
184,1587,339,велосипедист,ранен,невиновен
185,106,266,водитель,ранен,невиновен
186,1604,985,водитель,погиб,невиновен
186,1859,195,водитель,ранен,виновен
186,984,154,велосипедист,цел,невиновен
187,241,819,водитель,ранен,невиновен
187,405,817,велосипедист,цел,виновен
188,792,982,водитель,ранен,невиновен
188,1104,330,велосипедист,ранен,невиновен
189,1514,316,водитель,цел,невиновен
190,1716,584,водитель,цел,невиновен
190,655,260,водитель,ранен,виновен
191,1720,748,водитель,ранен,виновен
191,1663,897,велосипедист,ранен,виновен
192,1858,579,водитель,цел,виновен
192,1983,572,велосипедист,цел,виновен
193,1568,992,водитель,ранен,невиновен
193,1730,350,водитель,ранен,виновен
193,953,344,велосипедист,ранен,невиновен
194,1703,235,водитель,ранен,виновен
194,567,339,велосипедист,ранен,невиновен
195,342,858,водитель,цел,невиновен
195,1422,592,велосипедист,погиб,невиновен
196,1128,661,водитель,цел,виновен
196,294,138,велосипедист,погиб,невиновен
197,332,890,водитель,ранен,виновен
198,1190,104,водитель,ранен,виновен
198,1243,48,водитель,цел,невиновен
199,1207,754,водитель,ранен,невиновен
200,577,940,водитель,ранен,невиновен
201,538,702,водитель,ранен,виновен
202,1992,38,водитель,ранен,виновен
203,528,707,водитель,погиб,виновен
204,1205,514,водитель,погиб,невиновен
204,879,570,кучер,цел,невиновен
205,1901,60,водитель,цел,невиновен
206,1891,634,водитель,погиб,виновен
206,384,458,кучер,погиб,невиновен
207,1979,622,водитель,цел,виновен
207,423,220,велосипедист,цел,невиновен
207,461,1,кучер,погиб,виновен
208,1153,158,водитель,погиб,виновен
209,1942,103,водитель,цел,виновен
209,1603,390,велосипедист,цел,невиновен
210,739,548,водитель,ранен,виновен
211,690,899,водитель,погиб,невиновен
211,262,596,водитель,ранен,невиновен
212,1087,846,водитель,цел,невиновен
212,980,943,водитель,погиб,невиновен
212,442,590,кучер,погиб,виновен
213,1274,873,водитель,погиб,виновен
213,1565,265,водитель,ранен,невиновен
213,1756,553,кучер,погиб,виновен
214,355,816,водитель,ранен,виновен
215,1293,693,водитель,ранен,виновен
215,1318,247,кучер,погиб,виновен
216,1992,422,водитель,цел,невиновен
217,686,96,водитель,погиб,виновен
217,1223,742,велосипедист,погиб,невиновен
217,828,473,кучер,цел,виновен
218,1004,289,водитель,погиб,невиновен
219,1474,958,водитель,ранен,виновен
220,1736,352,водитель,ранен,невиновен
220,1990,298,велосипедист,погиб,виновен
221,149,70,водитель,ранен,невиновен
221,1650,725,кучер,цел,виновен
222,50,609,водитель,ранен,невиновен
223,1380,123,водитель,погиб,виновен
224,655,65,водитель,ранен,виновен
225,1516,819,водитель,ранен,невиновен
225,564,171,кучер,погиб,невиновен
226,498,306,водитель,погиб,невиновен
227,41,117,водитель,погиб,виновен
227,1809,60,водитель,цел,невиновен
227,262,804,кучер,погиб,виновен
228,1031,177,водитель,цел,виновен
228,1197,150,водитель,ранен,невиновен
229,403,696,водитель,цел,невиновен
230,31,753,водитель,цел,виновен
231,999,271,водитель,погиб,виновен
232,874,967,водитель,ранен,виновен
232,565,545,водитель,цел,невиновен
233,562,568,водитель,погиб,виновен
234,1705,734,водитель,цел,виновен
235,1324,99,водитель,цел,виновен
235,909,253,водитель,погиб,виновен
236,925,275,водитель,погиб,невиновен
236,637,429,велосипедист,цел,виновен
237,663,209,водитель,погиб,виновен
237,295,784,велосипедист,цел,виновен
238,405,112,водитель,ранен,виновен
239,573,824,водитель,ранен,невиновен
240,931,463,водитель,погиб,невиновен
240,127,384,велосипедист,ранен,невиновен
241,1183,469,водитель,погиб,виновен
241,468,905,велосипедист,цел,виновен
242,1927,425,водитель,цел,невиновен
242,1824,344,велосипедист,ранен,виновен
243,841,966,водитель,ранен,виновен
243,1901,94,водитель,погиб,невиновен
244,725,215,водитель,погиб,невиновен
245,1536,906,водитель,погиб,невиновен
245,673,298,велосипедист,ранен,виновен
246,1692,540,водитель,цел,виновен
246,441,400,велосипедист,погиб,виновен
247,50,828,водитель,погиб,невиновен
248,405,25,водитель,цел,невиновен
249,1061,893,водитель,ранен,невиновен
249,832,216,водитель,цел,невиновен
250,244,375,водитель,погиб,невиновен
250,671,541,кучер,погиб,виновен
251,1088,882,водитель,ранен,невиновен
251,1684,671,велосипедист,цел,виновен
252,52,210,водитель,цел,виновен
252,1108,631,велосипедист,цел,невиновен
253,241,977,водитель,погиб,невиновен
254,637,139,водитель,ранен,виновен
254,1253,804,кучер,ранен,невиновен
255,325,781,водитель,погиб,виновен
256,18,961,водитель,цел,виновен
256,186,178,кучер,погиб,виновен
257,307,581,водитель,ранен,виновен
257,472,530,кучер,цел,невиновен
258,1568,542,водитель,цел,невиновен
259,259,413,водитель,цел,невиновен
260,1611,953,водитель,цел,виновен
261,1924,719,водитель,ранен,невиновен
262,191,536,водитель,цел,виновен
263,202,692,водитель,ранен,невиновен
263,652,869,кучер,цел,невиновен
264,1099,2,водитель,ранен,виновен
264,290,18,водитель,ранен,невиновен
264,714,24,кучер,ранен,виновен
265,1007,359,водитель,погиб,виновен
266,670,711,водитель,погиб,невиновен
267,1077,253,водитель,погиб,виновен
267,1055,351,водитель,ранен,виновен
268,1963,68,водитель,погиб,невиновен
268,337,386,велосипедист,цел,виновен
269,1497,368,водитель,цел,невиновен
269,1273,365,кучер,цел,невиновен
270,1416,733,водитель,погиб,невиновен
270,212,20,водитель,цел,виновен
271,1668,18,водитель,ранен,виновен
271,1347,87,кучер,цел,невиновен
272,1673,697,водитель,ранен,невиновен
273,357,215,водитель,ранен,виновен
274,1835,962,водитель,цел,виновен
274,1089,548,водитель,погиб,невиновен
274,1141,373,велосипедист,погиб,невиновен
275,967,821,водитель,погиб,виновен
275,1798,618,кучер,цел,невиновен
276,496,573,водитель,ранен,невиновен
276,1383,220,велосипедист,ранен,виновен
277,1965,766,водитель,погиб,невиновен
278,16,161,водитель,погиб,виновен
278,724,610,водитель,цел,невиновен
278,770,818,велосипедист,цел,виновен
279,1739,884,водитель,погиб,невиновен
280,907,837,водитель,погиб,виновен
280,1902,708,водитель,ранен,виновен
280,625,576,кучер,погиб,невиновен
281,1577,763,водитель,погиб,невиновен
282,1881,382,водитель,ранен,невиновен
283,77,4,водитель,погиб,невиновен
284,1751,217,водитель,ранен,невиновен
285,614,635,водитель,цел,виновен
286,536,990,водитель,погиб,невиновен
287,1918,872,водитель,ранен,виновен
288,1883,394,водитель,ранен,невиновен
289,918,202,водитель,ранен,виновен
289,797,121,водитель,цел,невиновен
290,1392,493,водитель,цел,невиновен
290,1692,921,кучер,ранен,виновен
291,1911,426,водитель,ранен,виновен
291,1872,773,водитель,ранен,невиновен
292,1098,302,водитель,ранен,невиновен
292,1805,458,кучер,ранен,виновен
293,1587,484,водитель,погиб,невиновен
293,1606,288,кучер,погиб,невиновен
294,373,850,водитель,ранен,невиновен
295,1600,293,водитель,ранен,невиновен
295,446,748,водитель,погиб,виновен
295,735,879,велосипедист,ранен,невиновен
296,452,197,водитель,ранен,невиновен
296,1751,637,велосипедист,цел,невиновен
297,1771,533,водитель,погиб,виновен
298,358,788,водитель,цел,невиновен
299,883,613,водитель,ранен,невиновен
299,273,631,велосипедист,цел,невиновен
300,1609,266,водитель,ранен,виновен
300,1333,971,велосипедист,погиб,невиновен
300,590,288,кучер,погиб,виновен
301,1137,96,водитель,погиб,виновен
302,595,12,водитель,ранен,виновен
303,357,434,водитель,ранен,виновен
303,1291,895,велосипедист,ранен,невиновен
304,998,127,водитель,погиб,невиновен
305,31,547,водитель,погиб,невиновен
306,1090,803,водитель,погиб,невиновен
307,1233,65,водитель,погиб,невиновен
307,1060,708,водитель,ранен,виновен
307,579,339,велосипедист,погиб,виновен
308,605,134,водитель,погиб,виновен
308,89,258,кучер,ранен,невиновен
309,1511,855,водитель,ранен,невиновен
310,594,690,водитель,ранен,невиновен
310,1542,341,водитель,цел,невиновен
311,563,616,водитель,ранен,невиновен
311,1311,575,кучер,погиб,невиновен
312,1433,715,водитель,погиб,невиновен
312,1061,113,водитель,цел,невиновен
313,27,622,водитель,погиб,невиновен
313,323,393,велосипедист,ранен,виновен
314,847,695,водитель,цел,виновен
314,1486,342,велосипедист,погиб,невиновен
315,113,23,водитель,цел,виновен
316,1883,383,водитель,цел,невиновен
317,132,476,водитель,погиб,невиновен
317,178,649,водитель,ранен,невиновен
317,1509,391,кучер,погиб,виновен
318,12,860,водитель,погиб,виновен
318,1588,849,водитель,погиб,невиновен
318,1785,897,велосипедист,ранен,виновен
319,736,43,водитель,ранен,невиновен
320,874,214,водитель,погиб,виновен
320,799,504,кучер,цел,невиновен
321,124,437,водитель,цел,невиновен
321,1310,664,водитель,ранен,невиновен
321,72,497,велосипедист,ранен,виновен
322,476,469,водитель,цел,виновен
322,968,391,кучер,цел,виновен
323,1260,296,водитель,ранен,виновен
324,1180,584,водитель,цел,виновен
325,1605,64,водитель,цел,виновен
326,1389,813,водитель,погиб,виновен
326,1045,124,водитель,цел,невиновен
326,397,386,велосипедист,ранен,виновен
327,1267,471,водитель,ранен,виновен
327,1367,654,кучер,цел,виновен
328,66,137,водитель,цел,невиновен
329,1899,964,водитель,погиб,виновен
329,758,923,кучер,цел,виновен
330,1413,998,водитель,ранен,виновен
331,1367,565,водитель,ранен,невиновен
331,1096,347,водитель,цел,невиновен
332,1751,728,водитель,погиб,виновен
332,398,403,велосипедист,цел,виновен
333,1525,103,водитель,погиб,виновен
334,959,663,водитель,цел,невиновен
334,1190,528,велосипедист,погиб,невиновен
335,403,319,водитель,погиб,невиновен
336,974,974,водитель,погиб,виновен
336,1805,697,водитель,ранен,виновен
337,1279,881,водитель,ранен,невиновен
338,1794,823,водитель,погиб,виновен
338,307,785,кучер,погиб,виновен
339,1182,148,водитель,погиб,невиновен
339,37,845,водитель,погиб,виновен
340,903,326,водитель,погиб,виновен
341,991,434,водитель,погиб,невиновен
341,489,928,водитель,погиб,невиновен
342,960,699,водитель,цел,виновен
342,199,868,водитель,погиб,виновен
343,269,412,водитель,ранен,виновен
343,776,833,водитель,ранен,виновен
344,1897,729,водитель,погиб,виновен
345,1236,162,водитель,цел,невиновен
346,1947,191,водитель,цел,невиновен
346,1585,596,водитель,ранен,невиновен
347,394,280,водитель,цел,невиновен
347,1839,879,велосипедист,погиб,невиновен
348,1609,295,водитель,ранен,невиновен
348,497,514,водитель,погиб,невиновен
349,861,649,водитель,ранен,виновен
349,1293,451,водитель,погиб,невиновен
349,1203,173,кучер,цел,виновен
350,667,122,водитель,цел,виновен
351,259,838,водитель,ранен,виновен
351,472,613,водитель,ранен,виновен
352,674,175,водитель,цел,невиновен
353,1370,809,водитель,ранен,виновен
354,1128,204,водитель,ранен,виновен
355,417,378,водитель,ранен,невиновен
356,1920,663,водитель,цел,невиновен
357,1980,300,водитель,цел,виновен
357,297,1,кучер,цел,виновен
358,1639,641,водитель,погиб,виновен
358,1346,564,велосипедист,цел,виновен
359,177,276,водитель,ранен,невиновен
359,1130,528,велосипедист,погиб,виновен
359,1703,808,кучер,цел,невиновен
360,1608,931,водитель,ранен,невиновен
361,660,221,водитель,погиб,невиновен
361,802,141,водитель,ранен,виновен
362,444,198,водитель,цел,невиновен
363,1369,67,водитель,цел,виновен
363,519,620,водитель,погиб,невиновен
364,1919,941,водитель,цел,виновен
365,249,640,водитель,погиб,виновен
365,1568,236,водитель,цел,невиновен
365,673,411,велосипедист,ранен,невиновен
366,363,118,водитель,цел,невиновен
366,1914,8,велосипедист,ранен,невиновен
366,853,6,кучер,погиб,виновен
367,1035,370,водитель,ранен,виновен
367,35,367,кучер,ранен,невиновен
368,1663,452,водитель,ранен,невиновен
369,410,933,водитель,ранен,виновен
370,1709,291,водитель,погиб,невиновен
371,169,21,водитель,цел,невиновен
371,70,823,водитель,ранен,виновен
372,1726,129,водитель,ранен,невиновен
372,238,747,водитель,погиб,невиновен
372,1008,513,велосипедист,ранен,невиновен
373,1051,431,водитель,ранен,виновен
374,792,929,водитель,погиб,виновен
375,1743,337,водитель,цел,виновен
375,364,834,водитель,цел,невиновен
375,1188,524,кучер,ранен,невиновен
376,585,303,водитель,погиб,виновен
376,1185,504,кучер,погиб,невиновен
377,1502,165,водитель,цел,виновен
377,336,463,водитель,цел,невиновен
378,1844,92,водитель,погиб,виновен
378,865,564,велосипедист,цел,виновен
379,535,162,водитель,ранен,виновен
380,1263,984,водитель,ранен,невиновен
380,1168,829,кучер,ранен,невиновен
381,456,38,водитель,ранен,невиновен
381,1303,203,водитель,цел,виновен
382,766,188,водитель,погиб,невиновен
382,347,686,велосипедист,ранен,невиновен
382,802,815,кучер,погиб,невиновен
383,203,949,водитель,погиб,виновен
384,421,160,водитель,цел,виновен
385,451,463,водитель,ранен,невиновен
385,884,69,водитель,цел,невиновен
386,1264,838,водитель,цел,невиновен
386,1282,807,кучер,погиб,невиновен
387,1269,428,водитель,погиб,виновен
388,402,240,водитель,погиб,виновен
388,1749,717,водитель,погиб,виновен
389,147,428,водитель,погиб,невиновен
390,1843,698,водитель,ранен,виновен
390,264,841,водитель,погиб,невиновен
391,473,704,водитель,погиб,виновен
392,127,885,водитель,ранен,виновен
392,1759,22,водитель,цел,виновен
392,1827,577,кучер,цел,невиновен
393,1987,352,водитель,цел,невиновен
394,984,562,водитель,ранен,невиновен
395,378,976,водитель,ранен,невиновен
395,1983,453,велосипедист,ранен,невиновен
396,1395,206,водитель,погиб,невиновен
396,479,146,водитель,цел,виновен
397,701,359,водитель,ранен,виновен
397,76,361,кучер,ранен,невиновен
398,157,974,водитель,погиб,виновен
398,908,563,кучер,цел,виновен
399,1392,613,водитель,погиб,виновен
400,217,192,водитель,цел,виновен
400,1016,60,водитель,ранен,невиновен
400,89,879,велосипедист,погиб,невиновен
401,171,203,водитель,ранен,виновен
401,1028,957,водитель,цел,невиновен
402,821,708,водитель,цел,невиновен
403,1706,280,водитель,цел,невиновен
403,883,116,водитель,цел,виновен
404,1918,747,водитель,цел,виновен
404,1324,583,кучер,погиб,виновен
405,673,253,водитель,погиб,виновен
406,1609,246,водитель,ранен,невиновен
407,1474,202,водитель,цел,виновен
407,724,531,велосипедист,погиб,невиновен
408,972,422,водитель,ранен,виновен
408,1327,818,велосипедист,погиб,невиновен
409,841,821,водитель,погиб,виновен
409,352,905,велосипедист,ранен,невиновен
409,309,576,кучер,погиб,виновен
410,288,662,водитель,ранен,невиновен
411,1345,502,водитель,погиб,виновен
411,386,363,велосипедист,погиб,невиновен
412,368,675,водитель,цел,невиновен
412,1045,242,водитель,цел,невиновен
412,1850,458,кучер,цел,невиновен
413,1122,843,водитель,цел,невиновен
414,1367,605,водитель,ранен,невиновен
414,188,794,велосипедист,цел,виновен
414,683,397,кучер,ранен,виновен
415,253,128,водитель,ранен,виновен
416,1783,931,водитель,цел,виновен
417,781,580,водитель,ранен,невиновен
417,1582,880,велосипедист,погиб,невиновен
418,1343,38,водитель,погиб,виновен
419,1211,2,водитель,погиб,невиновен
420,1743,886,водитель,погиб,виновен
421,1813,317,водитель,цел,виновен
421,1441,339,велосипедист,погиб,виновен
421,1711,518,кучер,цел,виновен
422,319,438,водитель,погиб,невиновен
423,1737,946,водитель,погиб,виновен
424,1977,457,водитель,цел,виновен
424,726,60,водитель,погиб,виновен
425,357,678,водитель,погиб,невиновен
425,970,470,велосипедист,цел,виновен
426,1689,982,водитель,погиб,виновен
426,1176,818,велосипедист,погиб,виновен
427,1773,427,водитель,ранен,невиновен
428,539,812,водитель,погиб,виновен
428,1237,24,кучер,погиб,невиновен
429,583,297,водитель,цел,невиновен
429,182,326,водитель,цел,невиновен
430,1245,213,водитель,погиб,невиновен
431,729,900,водитель,погиб,виновен
431,719,706,водитель,погиб,виновен
432,1972,482,водитель,ранен,виновен
432,229,818,велосипедист,ранен,виновен
432,876,24,кучер,цел,виновен
433,1251,118,водитель,погиб,виновен
433,1232,686,велосипедист,погиб,виновен
433,320,274,кучер,цел,невиновен
434,692,232,водитель,ранен,невиновен
434,346,700,водитель,погиб,невиновен
435,535,266,водитель,цел,невиновен
436,1281,825,водитель,цел,невиновен
437,35,145,водитель,ранен,виновен
438,113,284,водитель,погиб,невиновен
439,583,347,водитель,ранен,виновен
440,1063,609,водитель,погиб,виновен
440,1011,971,велосипедист,погиб,виновен
441,1679,697,водитель,цел,невиновен
442,1880,713,водитель,ранен,невиновен
443,1495,439,водитель,цел,виновен
444,510,810,водитель,погиб,невиновен
445,1918,457,водитель,ранен,невиновен
445,110,231,велосипедист,ранен,виновен
446,1171,951,водитель,погиб,невиновен
446,997,499,водитель,цел,невиновен
447,1267,48,водитель,цел,виновен
448,1952,930,водитель,цел,невиновен
449,899,599,водитель,цел,невиновен
450,331,182,водитель,погиб,невиновен
451,209,396,водитель,погиб,виновен
451,72,453,велосипедист,цел,виновен
451,259,937,кучер,ранен,невиновен
452,534,947,водитель,погиб,виновен
452,271,725,кучер,ранен,виновен
453,749,341,водитель,цел,виновен
453,1549,938,кучер,погиб,виновен
454,641,449,водитель,погиб,виновен
454,865,15,водитель,цел,виновен
455,1255,155,водитель,погиб,виновен
456,1663,372,водитель,ранен,невиновен
457,976,675,водитель,ранен,невиновен
458,78,52,водитель,ранен,виновен
459,1306,375,водитель,ранен,виновен
460,661,217,водитель,погиб,виновен
461,1268,119,водитель,ранен,невиновен
461,1070,41,велосипедист,ранен,невиновен
462,385,754,водитель,ранен,виновен
462,14,673,водитель,ранен,невиновен
462,1987,386,велосипедист,ранен,виновен
463,1595,183,водитель,погиб,невиновен
464,1905,451,водитель,цел,виновен
464,1994,528,велосипедист,погиб,виновен
465,1467,219,водитель,погиб,невиновен
465,433,415,велосипедист,погиб,невиновен
466,1091,327,водитель,ранен,невиновен
466,865,397,кучер,цел,невиновен
467,1798,338,водитель,цел,виновен
468,255,193,водитель,погиб,невиновен
469,1934,698,водитель,ранен,виновен
470,941,826,водитель,погиб,невиновен
470,422,788,водитель,погиб,невиновен
471,1330,939,водитель,ранен,невиновен
472,770,301,водитель,цел,виновен
472,933,338,водитель,цел,виновен
472,448,365,кучер,ранен,невиновен
473,524,14,водитель,погиб,виновен
474,167,267,водитель,ранен,виновен
475,639,604,водитель,погиб,невиновен
475,1462,361,кучер,ранен,невиновен
476,1319,196,водитель,ранен,невиновен
476,1987,381,кучер,ранен,невиновен
477,1067,558,водитель,цел,виновен
478,1406,767,водитель,ранен,невиновен
478,273,90,велосипедист,ранен,невиновен
479,1858,2,водитель,цел,виновен
479,835,807,кучер,ранен,невиновен
480,236,226,водитель,погиб,невиновен
480,1572,863,водитель,погиб,невиновен
481,1217,382,водитель,цел,невиновен
482,347,814,водитель,ранен,виновен
483,421,810,водитель,цел,невиновен
484,842,127,водитель,цел,невиновен
485,405,215,водитель,ранен,виновен
485,512,343,водитель,погиб,виновен
486,121,335,водитель,погиб,невиновен
486,136,313,кучер,цел,виновен
487,1811,294,водитель,погиб,виновен
488,193,902,водитель,цел,виновен
489,171,901,водитель,цел,невиновен
489,1612,573,водитель,ранен,невиновен
490,1851,844,водитель,погиб,невиновен
491,1527,165,водитель,цел,виновен
491,737,765,велосипедист,погиб,невиновен
492,964,435,водитель,ранен,виновен
492,1554,147,кучер,погиб,виновен
493,1856,265,водитель,цел,виновен
494,78,464,водитель,погиб,невиновен
495,1067,749,водитель,ранен,виновен
496,1052,485,водитель,погиб,виновен
497,945,661,водитель,ранен,виновен
498,227,927,водитель,ранен,невиновен
499,1216,291,водитель,цел,виновен
499,1217,456,велосипедист,погиб,невиновен
500,1651,994,водитель,ранен,невиновен
501,546,262,водитель,ранен,невиновен
502,129,113,водитель,цел,виновен
503,87,519,водитель,погиб,невиновен
504,554,204,водитель,цел,виновен
504,1423,535,велосипедист,цел,невиновен
505,1539,447,водитель,цел,невиновен
506,574,431,водитель,ранен,невиновен
506,458,830,водитель,цел,виновен
507,1715,881,водитель,ранен,виновен
507,311,338,водитель,цел,виновен
508,1772,284,водитель,цел,невиновен
509,1904,545,водитель,цел,невиновен
509,52,645,кучер,погиб,невиновен
510,128,22,водитель,ранен,виновен
511,1466,559,водитель,погиб,невиновен
511,520,905,велосипедист,ранен,невиновен
512,321,324,водитель,погиб,невиновен
512,1091,373,велосипедист,цел,невиновен
513,1298,47,водитель,погиб,невиновен
513,613,69,водитель,цел,невиновен
513,1463,575,кучер,погиб,невиновен
514,821,719,водитель,ранен,виновен
514,508,604,водитель,цел,виновен
515,1822,884,водитель,ранен,виновен
515,1752,643,велосипедист,погиб,невиновен
516,1078,935,водитель,ранен,невиновен
517,842,613,водитель,цел,виновен
517,1341,171,кучер,цел,виновен
518,662,569,водитель,погиб,невиновен
518,675,533,водитель,цел,виновен
519,451,996,водитель,цел,виновен
520,595,674,водитель,ранен,виновен
520,1827,863,водитель,погиб,невиновен
521,1472,418,водитель,погиб,виновен
521,565,287,велосипедист,погиб,виновен
522,284,416,водитель,погиб,невиновен
523,1199,551,водитель,цел,виновен
523,1406,789,водитель,погиб,виновен
524,167,73,водитель,цел,виновен
524,1331,482,водитель,ранен,виновен
525,1516,377,водитель,цел,невиновен
525,1745,869,кучер,цел,невиновен
526,747,693,водитель,ранен,невиновен
526,1023,762,водитель,цел,виновен
526,1320,563,кучер,погиб,невиновен
527,1856,56,водитель,ранен,виновен
528,1799,831,водитель,ранен,виновен
528,1936,283,велосипедист,ранен,невиновен
529,1511,408,водитель,ранен,невиновен
529,877,743,водитель,цел,виновен
530,876,267,водитель,погиб,невиновен
530,900,411,велосипедист,цел,виновен
531,140,343,водитель,ранен,невиновен
531,1034,385,кучер,ранен,виновен
532,1087,604,водитель,цел,невиновен
533,107,94,водитель,ранен,невиновен
533,1934,681,водитель,цел,невиновен
533,1088,627,кучер,цел,виновен
534,116,525,водитель,ранен,виновен
534,1238,1,кучер,погиб,невиновен
535,317,380,водитель,погиб,невиновен
535,1940,656,кучер,цел,невиновен
536,1405,275,водитель,ранен,виновен
537,1750,479,водитель,цел,виновен
538,1028,828,водитель,цел,невиновен
539,1594,18,водитель,цел,виновен
539,573,11,велосипедист,погиб,виновен
540,504,809,водитель,цел,виновен
541,545,314,водитель,погиб,виновен
541,358,207,кучер,цел,виновен
542,1383,805,водитель,погиб,виновен
542,212,388,кучер,погиб,невиновен
543,790,277,водитель,ранен,невиновен
544,167,714,водитель,ранен,невиновен
544,1700,884,водитель,цел,невиновен
545,1836,181,водитель,погиб,виновен
546,572,635,водитель,погиб,невиновен
547,1601,126,водитель,погиб,виновен
547,311,656,кучер,ранен,невиновен
548,1734,156,водитель,погиб,виновен
548,1236,386,велосипедист,ранен,виновен
549,1257,889,водитель,цел,невиновен
550,1809,920,водитель,ранен,невиновен
550,1067,561,водитель,ранен,невиновен
551,1649,506,водитель,погиб,виновен
552,1440,512,водитель,ранен,невиновен
552,1884,572,велосипедист,ранен,невиновен
553,330,251,водитель,ранен,виновен
553,375,556,кучер,цел,невиновен
554,1079,366,водитель,цел,невиновен
555,368,872,водитель,погиб,невиновен
555,1661,74,велосипедист,цел,невиновен
556,1856,34,водитель,погиб,виновен
557,1070,387,водитель,ранен,невиновен
557,483,642,кучер,ранен,виновен
558,1454,730,водитель,цел,виновен
558,1363,769,водитель,ранен,невиновен
559,336,526,водитель,цел,виновен
559,637,398,кучер,погиб,невиновен
560,129,472,водитель,ранен,невиновен
561,1191,693,водитель,погиб,невиновен
561,697,434,водитель,цел,виновен
562,1767,961,водитель,цел,виновен
562,1903,345,водитель,цел,невиновен
563,1465,809,водитель,погиб,виновен
563,55,385,кучер,ранен,виновен
564,1005,157,водитель,ранен,виновен
564,1028,318,водитель,погиб,виновен
565,1551,612,водитель,цел,виновен
565,1305,402,велосипедист,цел,виновен
566,675,596,водитель,погиб,невиновен
566,797,618,кучер,ранен,виновен
567,191,250,водитель,погиб,невиновен
567,1046,432,водитель,цел,виновен
568,341,539,водитель,цел,невиновен
568,1199,369,кучер,ранен,невиновен
569,676,777,водитель,ранен,невиновен
569,1306,829,кучер,цел,виновен
570,1914,882,водитель,цел,невиновен
571,1785,848,водитель,цел,невиновен
572,1005,472,водитель,цел,виновен
572,1396,647,кучер,цел,виновен
573,181,950,водитель,ранен,виновен
574,554,279,водитель,погиб,виновен
574,1372,538,велосипедист,погиб,виновен
575,298,733,водитель,погиб,невиновен
576,1514,939,водитель,цел,виновен
577,1451,324,водитель,цел,виновен
577,1632,963,велосипедист,погиб,невиновен
578,1544,97,водитель,погиб,невиновен
579,1390,965,водитель,ранен,виновен
579,1701,322,кучер,ранен,виновен
580,882,181,водитель,погиб,виновен
581,1329,857,водитель,цел,виновен
581,1128,897,велосипедист,погиб,виновен
582,650,306,водитель,ранен,виновен
582,1335,397,кучер,цел,виновен
583,1695,305,водитель,цел,невиновен
584,879,599,водитель,цел,невиновен
584,993,846,водитель,ранен,виновен
584,692,656,кучер,ранен,невиновен
585,1342,144,водитель,ранен,невиновен
585,965,6,кучер,погиб,виновен
586,424,595,водитель,цел,невиновен
586,1503,668,велосипедист,цел,невиновен
586,1060,247,кучер,погиб,невиновен
587,1521,146,водитель,цел,виновен
587,906,363,велосипедист,цел,виновен
588,1146,157,водитель,погиб,виновен
588,363,98,велосипедист,ранен,невиновен
588,502,869,кучер,ранен,невиновен
589,961,866,водитель,погиб,виновен
589,288,629,кучер,цел,невиновен
590,937,210,водитель,погиб,виновен
590,323,686,велосипедист,ранен,виновен
591,1277,851,водитель,погиб,невиновен
592,1843,799,водитель,цел,невиновен
592,1932,977,водитель,цел,невиновен
593,1903,981,водитель,цел,виновен
594,372,292,водитель,цел,виновен
595,159,670,водитель,погиб,виновен
595,385,560,кучер,цел,виновен
596,393,775,водитель,погиб,виновен
597,94,653,водитель,ранен,виновен
597,1024,898,кучер,ранен,виновен
598,1813,117,водитель,цел,виновен
599,1802,927,водитель,цел,невиновен
600,758,62,водитель,цел,невиновен
600,1843,307,водитель,ранен,виновен
601,779,682,водитель,ранен,виновен
602,1869,282,водитель,погиб,виновен
602,1000,36,водитель,ранен,виновен
602,1386,642,кучер,погиб,невиновен
603,1444,440,водитель,ранен,виновен
604,611,529,водитель,цел,невиновен
604,1446,309,велосипедист,цел,невиновен
605,1521,413,водитель,погиб,невиновен
606,1310,900,водитель,цел,невиновен
607,1449,540,водитель,погиб,невиновен
608,1162,255,водитель,ранен,невиновен
608,768,520,водитель,ранен,невиновен
608,81,524,кучер,цел,виновен
609,964,486,водитель,погиб,невиновен
609,1722,898,кучер,погиб,невиновен
610,761,299,водитель,погиб,виновен
611,1852,832,водитель,ранен,невиновен
611,1979,583,кучер,цел,виновен
612,1198,219,водитель,цел,невиновен
612,1527,956,кучер,погиб,невиновен
613,1578,716,водитель,погиб,невиновен
614,466,692,водитель,погиб,виновен
614,1027,785,кучер,ранен,виновен
615,1405,548,водитель,цел,виновен
616,1603,210,водитель,погиб,невиновен
616,1369,517,велосипедист,ранен,виновен
617,1610,79,водитель,цел,невиновен
618,226,174,водитель,ранен,виновен
619,701,406,водитель,ранен,виновен
620,414,111,водитель,цел,виновен
620,387,402,велосипедист,ранен,виновен
620,111,556,кучер,цел,виновен
621,91,289,водитель,цел,невиновен
621,1096,380,водитель,ранен,виновен
622,375,809,водитель,цел,невиновен
622,1643,173,кучер,ранен,невиновен
623,1940,25,водитель,ранен,невиновен
624,1532,853,водитель,погиб,невиновен
625,36,499,водитель,цел,невиновен
625,481,535,велосипедист,погиб,невиновен
626,1977,828,водитель,ранен,виновен
626,645,528,велосипедист,погиб,виновен
627,1405,833,водитель,погиб,невиновен
628,531,42,водитель,погиб,невиновен
629,206,307,водитель,ранен,виновен
629,1626,72,велосипедист,цел,виновен
630,878,250,водитель,ранен,невиновен
630,659,371,велосипедист,ранен,виновен
631,1216,707,водитель,цел,невиновен
632,1469,103,водитель,погиб,невиновен
633,193,738,водитель,ранен,невиновен
634,1427,212,водитель,погиб,невиновен
635,1849,561,водитель,ранен,виновен
635,705,396,водитель,ранен,виновен
636,842,515,водитель,погиб,виновен
636,397,168,кучер,ранен,невиновен
637,182,75,водитель,погиб,виновен
637,43,543,водитель,цел,виновен
638,1104,522,водитель,погиб,виновен
639,312,378,водитель,цел,невиновен
639,860,74,велосипедист,ранен,виновен
640,293,475,водитель,ранен,невиновен
640,1093,68,водитель,цел,невиновен
640,1034,923,кучер,цел,виновен
641,1342,272,водитель,ранен,невиновен
641,439,72,велосипедист,ранен,виновен
642,676,837,водитель,цел,невиновен
643,1096,404,водитель,погиб,виновен
644,1319,216,водитель,погиб,невиновен
644,865,64,водитель,цел,виновен
644,1920,207,кучер,ранен,невиновен
645,1435,902,водитель,погиб,невиновен
645,1687,922,кучер,погиб,невиновен
646,548,192,водитель,ранен,невиновен
647,1738,88,водитель,ранен,виновен
647,1152,287,велосипедист,ранен,невиновен
648,1342,131,водитель,цел,невиновен
648,776,388,кучер,погиб,невиновен
649,1986,884,водитель,цел,виновен
650,957,59,водитель,ранен,невиновен
651,1306,38,водитель,ранен,невиновен
651,789,619,водитель,ранен,виновен
652,508,644,водитель,ранен,невиновен
653,434,691,водитель,погиб,виновен
654,1289,920,водитель,погиб,виновен
655,701,619,водитель,цел,невиновен
655,1363,264,водитель,погиб,виновен
655,1987,497,велосипедист,ранен,виновен
655,1202,898,кучер,ранен,невиновен
656,1750,472,водитель,ранен,виновен
656,630,804,кучер,ранен,невиновен
657,1566,849,водитель,цел,виновен
658,1852,860,водитель,погиб,невиновен
659,271,308,водитель,цел,виновен
660,821,471,водитель,ранен,невиновен
660,216,51,велосипедист,ранен,виновен
661,398,507,водитель,цел,невиновен
661,1677,29,водитель,погиб,невиновен
661,1682,758,велосипедист,ранен,виновен
662,1500,601,водитель,цел,невиновен
662,752,625,велосипедист,цел,невиновен
663,865,646,водитель,погиб,виновен
664,311,229,водитель,цел,виновен
664,1305,687,велосипедист,ранен,невиновен
665,600,657,водитель,погиб,виновен
665,507,205,велосипедист,цел,невиновен
666,206,578,водитель,цел,невиновен
667,180,663,водитель,ранен,виновен
667,217,152,водитель,цел,невиновен
668,1979,211,водитель,цел,невиновен
669,257,54,водитель,ранен,виновен
669,105,590,кучер,погиб,виновен
670,1270,653,водитель,погиб,виновен
670,1241,101,водитель,погиб,виновен
671,453,730,водитель,погиб,виновен
671,1403,815,кучер,цел,невиновен
672,1353,45,водитель,погиб,невиновен
672,624,374,водитель,ранен,невиновен
673,1655,279,водитель,цел,виновен
674,682,640,водитель,погиб,невиновен
675,1188,545,водитель,ранен,виновен
676,1419,116,водитель,цел,виновен
677,1724,291,водитель,ранен,невиновен
678,1619,516,водитель,ранен,невиновен
679,611,260,водитель,цел,невиновен
679,1079,956,кучер,цел,виновен
680,140,359,водитель,погиб,виновен
681,1450,412,водитель,цел,невиновен
682,1724,79,водитель,погиб,виновен
683,223,651,водитель,цел,виновен
684,1342,793,водитель,погиб,виновен
685,1005,242,водитель,цел,виновен
686,253,522,водитель,ранен,невиновен
687,1143,37,водитель,погиб,невиновен
688,1579,273,водитель,погиб,виновен
688,611,870,велосипедист,ранен,невиновен
689,126,113,водитель,цел,виновен
689,789,346,водитель,погиб,невиновен
689,1670,180,велосипедист,погиб,невиновен
690,518,824,водитель,погиб,невиновен
690,797,710,водитель,погиб,виновен
691,1202,767,водитель,погиб,виновен
691,954,43,водитель,ранен,виновен
692,1711,653,водитель,цел,виновен
693,326,788,водитель,ранен,виновен
694,1919,646,водитель,погиб,невиновен
695,391,262,водитель,погиб,невиновен
695,347,654,кучер,ранен,виновен
696,1235,612,водитель,ранен,виновен
697,1055,912,водитель,погиб,невиновен
697,984,797,водитель,погиб,виновен
698,1341,71,водитель,цел,виновен
699,871,144,водитель,ранен,виновен
700,293,141,водитель,ранен,виновен
701,1494,566,водитель,цел,виновен
702,216,984,водитель,цел,виновен
703,469,457,водитель,цел,виновен
704,1952,918,водитель,погиб,виновен
705,606,691,водитель,цел,виновен
705,1798,979,велосипедист,ранен,невиновен
706,1983,19,водитель,погиб,виновен
706,136,196,водитель,погиб,невиновен
706,486,400,велосипедист,цел,виновен
707,82,156,водитель,погиб,невиновен
708,283,635,водитель,цел,невиновен
708,1121,921,кучер,цел,виновен
709,1817,444,водитель,цел,виновен
709,129,757,велосипедист,цел,невиновен
710,683,259,водитель,ранен,невиновен
710,1377,781,водитель,погиб,невиновен
710,1316,611,кучер,ранен,виновен
711,828,464,водитель,погиб,невиновен
712,1152,594,водитель,ранен,невиновен
713,1691,440,водитель,цел,виновен
713,43,448,кучер,ранен,невиновен
714,1222,673,водитель,погиб,виновен
714,1502,519,водитель,ранен,виновен
715,1810,968,водитель,погиб,невиновен
715,35,51,велосипедист,цел,невиновен
716,305,271,водитель,цел,невиновен
716,1229,538,велосипедист,цел,невиновен
717,1497,999,водитель,погиб,виновен
718,1799,449,водитель,ранен,виновен
718,1887,264,водитель,цел,невиновен
719,45,472,водитель,погиб,невиновен
719,1133,889,водитель,ранен,невиновен
719,139,590,кучер,ранен,невиновен
720,1641,368,водитель,погиб,невиновен
720,1760,901,водитель,ранен,виновен
721,1281,80,водитель,цел,невиновен
722,1691,614,водитель,цел,невиновен
723,746,240,водитель,цел,невиновен
724,1785,836,водитель,цел,виновен
724,1538,40,водитель,погиб,невиновен
725,1009,626,водитель,цел,невиновен
725,1853,201,велосипедист,погиб,виновен
726,1133,566,водитель,цел,невиновен
727,757,148,водитель,цел,виновен
728,1570,891,водитель,цел,виновен
729,1696,523,водитель,цел,виновен
730,472,619,водитель,ранен,невиновен
730,185,421,водитель,цел,виновен
731,1619,755,водитель,ранен,невиновен
732,1992,163,водитель,цел,невиновен
732,1809,497,велосипедист,погиб,виновен
733,1543,181,водитель,цел,виновен
734,1723,209,водитель,ранен,невиновен
735,1303,93,водитель,ранен,невиновен
736,530,150,водитель,ранен,невиновен
736,1723,468,велосипедист,цел,виновен
736,1654,783,кучер,цел,невиновен
737,1725,94,водитель,цел,невиновен
737,1958,880,велосипедист,ранен,виновен
738,70,964,водитель,погиб,невиновен
739,1216,523,водитель,погиб,невиновен
740,574,695,водитель,погиб,невиновен
741,1772,763,водитель,цел,невиновен
741,1179,550,кучер,цел,невиновен
742,398,434,водитель,ранен,невиновен
742,733,288,кучер,погиб,виновен
743,1781,976,водитель,погиб,виновен
744,228,225,водитель,погиб,невиновен
745,1504,855,водитель,цел,невиновен
746,1123,14,водитель,ранен,виновен
746,1254,427,водитель,ранен,невиновен
746,1924,180,велосипедист,цел,невиновен
747,523,791,водитель,ранен,невиновен
747,906,759,велосипедист,ранен,виновен
747,253,611,кучер,цел,виновен
748,1931,127,водитель,погиб,невиновен
749,226,308,водитель,погиб,невиновен
750,1652,206,водитель,цел,невиновен
751,1716,578,водитель,погиб,виновен
752,837,747,водитель,цел,виновен
753,26,392,водитель,погиб,невиновен
754,716,660,водитель,цел,невиновен
754,1487,248,кучер,погиб,виновен
755,1061,84,водитель,погиб,виновен
755,1134,73,водитель,ранен,виновен
756,1207,49,водитель,погиб,невиновен
757,355,959,водитель,цел,невиновен
757,1424,361,кучер,цел,невиновен
758,297,913,водитель,ранен,невиновен
758,1672,585,велосипедист,цел,невиновен
759,1817,700,водитель,погиб,невиновен
759,1493,648,водитель,цел,виновен
759,1912,938,кучер,погиб,виновен
760,1706,689,водитель,цел,виновен
761,1855,617,водитель,цел,невиновен
762,706,695,водитель,погиб,виновен
762,1443,697,водитель,ранен,виновен
763,216,510,водитель,погиб,невиновен
764,445,296,водитель,цел,невиновен
765,588,150,водитель,цел,виновен
765,1905,246,водитель,ранен,невиновен
765,1711,258,кучер,цел,невиновен
766,1184,651,водитель,погиб,виновен
767,501,893,водитель,цел,виновен
768,734,903,водитель,погиб,виновен
769,129,791,водитель,цел,виновен
769,1005,950,водитель,ранен,виновен
770,1253,170,водитель,цел,невиновен
770,128,784,велосипедист,цел,виновен
771,134,37,водитель,ранен,невиновен
772,1125,392,водитель,ранен,невиновен
773,1763,840,водитель,погиб,невиновен
774,1175,93,водитель,цел,виновен
775,622,719,водитель,ранен,виновен
776,1424,423,водитель,ранен,невиновен
776,698,301,водитель,погиб,невиновен
777,647,442,водитель,погиб,виновен
778,735,798,водитель,погиб,невиновен
779,1745,679,водитель,ранен,невиновен
779,332,833,водитель,погиб,невиновен
779,741,564,велосипедист,ранен,невиновен
780,1693,748,водитель,погиб,виновен
780,1346,922,кучер,ранен,виновен
781,546,91,водитель,погиб,невиновен
782,696,673,водитель,цел,невиновен
783,204,460,водитель,погиб,виновен
783,1559,237,водитель,цел,виновен
784,1920,123,водитель,ранен,виновен
785,879,695,водитель,ранен,невиновен
785,1657,577,кучер,погиб,невиновен
786,1824,532,водитель,цел,виновен
787,1699,299,водитель,погиб,невиновен
788,831,392,водитель,цел,невиновен
788,816,473,кучер,погиб,невиновен
789,271,711,водитель,погиб,невиновен
789,1581,39,велосипедист,погиб,невиновен
790,1986,862,водитель,цел,невиновен
790,1424,262,водитель,погиб,невиновен
791,1735,852,водитель,цел,невиновен
791,1133,207,кучер,ранен,невиновен
792,1499,299,водитель,ранен,невиновен
792,581,898,кучер,ранен,невиновен
793,1008,254,водитель,ранен,невиновен
793,1725,415,велосипедист,погиб,виновен
793,845,583,кучер,ранен,виновен
794,790,13,водитель,погиб,виновен
795,692,926,водитель,цел,невиновен
796,14,266,водитель,цел,невиновен
796,1107,291,водитель,погиб,невиновен
797,458,746,водитель,цел,невиновен
798,1884,568,водитель,ранен,невиновен
798,396,570,кучер,ранен,невиновен
799,273,264,водитель,погиб,невиновен
799,1914,98,велосипедист,погиб,виновен
800,1661,952,водитель,ранен,виновен
801,1312,652,водитель,погиб,виновен
801,1715,205,велосипедист,цел,невиновен
802,1024,797,водитель,ранен,невиновен
803,1087,698,водитель,цел,виновен
803,1418,191,водитель,ранен,виновен
804,1029,598,водитель,цел,виновен
805,1477,271,водитель,погиб,виновен
806,521,134,водитель,погиб,виновен
807,821,996,водитель,цел,виновен
807,1000,590,кучер,ранен,виновен
808,475,727,водитель,цел,виновен
809,94,457,водитель,ранен,невиновен
810,344,822,водитель,ранен,невиновен
810,669,782,кучер,погиб,виновен
811,207,920,водитель,цел,невиновен
812,355,578,водитель,погиб,невиновен
813,1782,438,водитель,погиб,виновен
813,1332,794,велосипедист,цел,невиновен
814,1880,15,водитель,ранен,невиновен
814,1121,453,велосипедист,погиб,невиновен
815,1695,233,водитель,ранен,виновен
815,1396,788,водитель,цел,виновен
816,1347,490,водитель,ранен,невиновен
817,1118,4,водитель,цел,невиновен
818,176,215,водитель,ранен,невиновен
818,1585,895,велосипедист,ранен,виновен
819,1123,222,водитель,ранен,виновен
819,483,517,велосипедист,ранен,невиновен
820,220,747,водитель,погиб,виновен
821,511,544,водитель,ранен,виновен
821,397,242,водитель,погиб,невиновен
821,831,963,велосипедист,погиб,виновен
822,1804,443,водитель,погиб,виновен
823,460,499,водитель,ранен,невиновен
823,290,32,водитель,ранен,виновен
824,1180,521,водитель,цел,невиновен
825,1519,296,водитель,цел,виновен
825,987,386,велосипедист,погиб,невиновен
826,1785,392,водитель,цел,виновен
827,1430,813,водитель,ранен,невиновен
828,1152,685,водитель,ранен,виновен
828,1490,216,водитель,цел,виновен
829,1880,733,водитель,погиб,виновен
829,1156,506,водитель,ранен,невиновен
829,1750,870,велосипедист,погиб,виновен
830,551,121,водитель,погиб,виновен
831,1126,198,водитель,цел,невиновен
831,1589,502,водитель,погиб,виновен
832,508,989,водитель,погиб,невиновен
832,799,638,водитель,погиб,невиновен
833,1454,891,водитель,цел,невиновен
834,794,113,водитель,погиб,невиновен
834,1391,725,кучер,погиб,виновен
835,1341,349,водитель,цел,невиновен
835,237,779,кучер,погиб,невиновен
836,1873,26,водитель,цел,невиновен
837,496,719,водитель,ранен,виновен
838,504,868,водитель,погиб,виновен
839,947,332,водитель,погиб,невиновен
839,659,954,кучер,цел,виновен
840,655,791,водитель,цел,виновен
841,1174,909,водитель,ранен,невиновен
841,1175,791,водитель,погиб,виновен
842,1906,809,водитель,ранен,невиновен
842,1858,518,кучер,цел,невиновен
843,692,35,водитель,ранен,невиновен
844,227,354,водитель,цел,невиновен
844,1932,784,велосипедист,цел,невиновен
845,43,754,водитель,погиб,виновен
846,1268,860,водитель,цел,невиновен
846,283,595,водитель,погиб,невиновен
846,1306,687,велосипедист,ранен,виновен
847,997,354,водитель,погиб,невиновен
847,258,168,кучер,ранен,невиновен
848,375,836,водитель,погиб,виновен
848,396,801,кучер,погиб,невиновен
849,739,919,водитель,цел,виновен
849,22,668,велосипедист,погиб,невиновен
850,421,587,водитель,цел,виновен
851,1009,478,водитель,погиб,виновен
851,158,338,водитель,погиб,невиновен
851,1419,508,кучер,погиб,невиновен
852,1257,472,водитель,ранен,виновен
852,1317,905,велосипедист,цел,виновен
853,263,703,водитель,ранен,виновен
853,1692,304,водитель,цел,виновен
854,1314,222,водитель,погиб,невиновен
855,1805,432,водитель,погиб,виновен
855,1045,802,велосипедист,ранен,невиновен
855,416,611,кучер,погиб,невиновен
856,230,639,водитель,погиб,невиновен
856,1553,405,велосипедист,цел,невиновен
857,1759,982,водитель,погиб,невиновен
857,1625,459,кучер,погиб,виновен
858,476,934,водитель,погиб,виновен
859,206,92,водитель,погиб,невиновен
860,451,501,водитель,погиб,невиновен
861,707,284,водитель,цел,невиновен
862,746,179,водитель,цел,виновен
862,305,942,водитель,цел,виновен
863,148,565,водитель,погиб,невиновен
863,185,911,кучер,цел,невиновен
864,583,623,водитель,ранен,виновен
864,1841,879,велосипедист,ранен,виновен
865,1623,981,водитель,ранен,невиновен
866,1702,833,водитель,цел,виновен
866,390,448,кучер,цел,невиновен
867,1279,858,водитель,ранен,виновен
867,1088,205,велосипедист,погиб,виновен
867,595,473,кучер,погиб,невиновен
868,1996,181,водитель,погиб,виновен
869,1152,486,водитель,ранен,виновен
870,993,537,водитель,погиб,невиновен
870,20,645,кучер,ранен,невиновен
871,1332,341,водитель,цел,невиновен
872,697,623,водитель,погиб,невиновен
872,1169,116,водитель,ранен,виновен
873,1082,263,водитель,погиб,невиновен
874,1645,297,водитель,ранен,виновен
875,456,172,водитель,ранен,виновен
875,752,269,водитель,цел,виновен
876,850,747,водитель,ранен,невиновен
877,1835,593,водитель,погиб,невиновен
878,501,980,водитель,ранен,невиновен
879,744,918,водитель,погиб,виновен
879,1468,625,велосипедист,цел,виновен
880,246,23,водитель,ранен,невиновен
881,1470,83,водитель,погиб,невиновен
882,1633,341,водитель,цел,виновен
883,1129,229,водитель,цел,невиновен
883,1760,369,кучер,ранен,виновен
884,1260,978,водитель,погиб,виновен
885,1249,861,водитель,цел,невиновен
885,482,688,велосипедист,ранен,виновен
886,1317,982,водитель,ранен,невиновен
886,803,916,велосипедист,погиб,невиновен
887,409,721,водитель,ранен,виновен
888,354,635,водитель,ранен,невиновен
889,1248,521,водитель,погиб,виновен
889,933,324,водитель,погиб,виновен
890,1930,601,водитель,цел,невиновен
890,1697,807,кучер,цел,виновен
891,62,291,водитель,погиб,невиновен
892,667,959,водитель,погиб,виновен
892,414,367,кучер,ранен,виновен
893,1605,924,водитель,ранен,виновен
893,371,917,водитель,ранен,невиновен
894,1883,878,водитель,погиб,невиновен
894,169,579,водитель,цел,виновен
895,1918,428,водитель,ранен,невиновен
895,1335,206,водитель,цел,невиновен
896,1643,800,водитель,погиб,виновен
896,120,631,велосипедист,цел,невиновен
897,1940,665,водитель,цел,виновен
898,823,857,водитель,цел,виновен
898,1681,631,велосипедист,цел,виновен
899,239,580,водитель,погиб,виновен
899,835,435,водитель,цел,виновен
900,918,380,водитель,цел,невиновен
901,201,678,водитель,погиб,невиновен
902,1565,540,водитель,погиб,невиновен
902,754,939,водитель,погиб,виновен
903,1930,48,водитель,цел,невиновен
904,1558,150,водитель,ранен,невиновен
905,1186,56,водитель,цел,виновен
906,207,793,водитель,ранен,невиновен
906,602,46,кучер,цел,виновен
907,854,595,водитель,погиб,невиновен
907,1866,429,велосипедист,ранен,невиновен
908,251,241,водитель,погиб,виновен
909,1203,152,водитель,ранен,невиновен
909,1553,435,водитель,ранен,невиновен
910,1783,571,водитель,цел,виновен
910,207,387,водитель,ранен,невиновен
911,1219,209,водитель,цел,невиновен
911,906,231,велосипедист,погиб,виновен
912,35,165,водитель,цел,невиновен
913,723,56,водитель,ранен,невиновен
913,666,322,кучер,ранен,невиновен
914,1368,487,водитель,ранен,виновен
914,1841,342,велосипедист,ранен,невиновен
915,714,845,водитель,ранен,невиновен
916,1695,319,водитель,ранен,невиновен
917,834,110,водитель,цел,невиновен
918,1585,861,водитель,цел,невиновен
918,38,728,водитель,цел,невиновен
919,1094,317,водитель,ранен,невиновен
920,1087,120,водитель,погиб,виновен
921,312,464,водитель,погиб,виновен
922,1257,25,водитель,цел,виновен
922,1000,606,водитель,ранен,виновен
923,1924,566,водитель,ранен,виновен
923,1866,686,велосипедист,цел,виновен
923,1112,570,кучер,ранен,невиновен
924,525,57,водитель,цел,невиновен
925,1329,925,водитель,ранен,невиновен
926,774,591,водитель,погиб,виновен
926,217,386,велосипедист,погиб,виновен
927,1396,314,водитель,ранен,невиновен
927,1816,166,кучер,цел,невиновен
928,1738,270,водитель,погиб,виновен
929,1802,315,водитель,ранен,невиновен
929,1066,962,водитель,ранен,невиновен
930,1881,97,водитель,цел,виновен
930,390,192,водитель,погиб,виновен
931,1031,955,водитель,погиб,виновен
931,409,229,водитель,ранен,невиновен
931,1813,363,велосипедист,цел,виновен
932,598,47,водитель,цел,невиновен
932,1543,541,кучер,ранен,виновен
933,1896,114,водитель,ранен,виновен
934,1288,841,водитель,цел,невиновен
934,692,765,велосипедист,цел,невиновен
935,1133,210,водитель,ранен,виновен
935,858,206,водитель,ранен,виновен
935,655,627,кучер,погиб,невиновен
936,387,902,водитель,погиб,виновен
937,692,746,водитель,ранен,виновен
938,1890,17,водитель,цел,невиновен
938,757,390,велосипедист,погиб,виновен
939,770,743,водитель,ранен,невиновен
940,677,957,водитель,погиб,виновен
940,533,363,велосипедист,погиб,невиновен
941,39,232,водитель,цел,виновен
942,1884,418,водитель,цел,невиновен
942,1923,12,водитель,ранен,невиновен
942,837,937,кучер,цел,невиновен
943,1539,610,водитель,погиб,виновен
943,1929,398,кучер,цел,виновен
944,1562,31,водитель,погиб,виновен
945,1448,851,водитель,погиб,невиновен
945,779,211,водитель,цел,невиновен
945,1585,459,кучер,погиб,невиновен
946,1335,314,водитель,ранен,виновен
947,736,520,водитель,погиб,виновен
947,892,894,водитель,ранен,виновен
948,1900,638,водитель,ранен,невиновен
948,275,628,велосипедист,цел,виновен
949,1330,349,водитель,ранен,невиновен
949,806,373,велосипедист,ранен,невиновен
950,448,221,водитель,цел,виновен
951,213,437,водитель,цел,виновен
951,1460,283,велосипедист,погиб,невиновен
952,1074,216,водитель,цел,невиновен
952,124,879,велосипедист,ранен,виновен
953,634,85,водитель,ранен,виновен
953,1800,886,водитель,ранен,невиновен
954,324,417,водитель,погиб,невиновен
955,458,270,водитель,ранен,виновен
956,817,418,водитель,цел,виновен
956,770,359,водитель,ранен,виновен
956,1800,645,кучер,погиб,невиновен
957,1451,674,водитель,ранен,невиновен
957,1903,631,велосипедист,цел,виновен
958,1315,813,водитель,цел,виновен
958,1281,590,кучер,ранен,невиновен
959,1988,974,водитель,погиб,невиновен
960,741,736,водитель,цел,виновен
960,747,112,водитель,цел,невиновен
961,1193,103,водитель,погиб,невиновен
961,588,879,велосипедист,ранен,виновен
962,295,721,водитель,погиб,виновен
962,834,874,водитель,погиб,виновен
963,83,337,водитель,ранен,невиновен
964,72,197,водитель,погиб,невиновен
965,1288,657,водитель,ранен,виновен
966,1682,828,водитель,ранен,виновен
967,1567,613,водитель,цел,виновен
968,912,984,водитель,ранен,невиновен
969,847,423,водитель,погиб,виновен
969,48,722,водитель,погиб,виновен
970,1192,509,водитель,ранен,виновен
970,1423,257,водитель,цел,виновен
971,354,623,водитель,ранен,невиновен
972,976,992,водитель,погиб,невиновен
973,692,932,водитель,погиб,невиновен
974,1123,10,водитель,ранен,невиновен
974,326,258,кучер,цел,виновен
975,912,142,водитель,цел,виновен
975,674,605,водитель,ранен,виновен
976,747,658,водитель,погиб,виновен
976,172,385,кучер,цел,виновен
977,1816,839,водитель,цел,невиновен
978,1268,52,водитель,цел,виновен
978,833,386,велосипедист,погиб,невиновен
978,1903,590,кучер,ранен,невиновен
979,1728,209,водитель,погиб,виновен
979,1898,429,велосипедист,цел,невиновен
980,171,762,водитель,цел,виновен
981,1543,500,водитель,цел,виновен
981,1341,886,водитель,погиб,виновен
982,1162,210,водитель,ранен,виновен
983,807,696,водитель,погиб,виновен
984,960,184,водитель,цел,виновен
985,1368,250,водитель,ранен,виновен
986,535,975,водитель,цел,невиновен
987,1940,246,водитель,цел,виновен
988,452,157,водитель,цел,невиновен
989,1841,315,водитель,ранен,виновен
989,768,575,кучер,погиб,виновен
990,176,310,водитель,цел,невиновен
991,784,353,водитель,цел,виновен
992,863,294,водитель,ранен,виновен
993,557,232,водитель,цел,виновен
994,884,264,водитель,цел,виновен
994,787,385,кучер,погиб,виновен
995,1461,622,водитель,цел,виновен
996,1279,16,водитель,цел,невиновен
997,1645,886,водитель,цел,невиновен
998,939,692,водитель,погиб,виновен
999,1910,346,водитель,погиб,виновен
999,1720,209,водитель,погиб,невиновен
1000,762,874,водитель,погиб,виновен
1000,759,528,велосипедист,цел,невиновен
