1,856,пассажир,цел,невиновен
1,1393,пассажир,ранен,виновен
1,7,пассажир,погиб,невиновен
2,1686,пассажир,ранен,невиновен
3,624,пассажир,погиб,невиновен
3,126,пассажир,ранен,невиновен
3,540,пешеход,погиб,виновен
5,389,пассажир,погиб,виновен
6,373,пешеход,ранен,виновен
7,1349,пассажир,погиб,виновен
8,788,пассажир,цел,невиновен
8,1723,пассажир,погиб,невиновен
9,936,пассажир,цел,виновен
9,646,пассажир,ранен,невиновен
10,728,пассажир,ранен,виновен
11,1660,пассажир,погиб,невиновен
13,1072,пассажир,погиб,виновен
13,128,пассажир,цел,виновен
13,246,пассажир,погиб,невиновен
14,1189,пассажир,ранен,невиновен
14,277,пассажир,ранен,невиновен
14,1645,пассажир,погиб,виновен
15,429,пассажир,погиб,виновен
16,290,пассажир,ранен,виновен
16,1221,пассажир,ранен,виновен
16,477,пассажир,цел,виновен
16,1021,пассажир,погиб,виновен
17,1514,пассажир,цел,виновен
17,94,пассажир,погиб,невиновен
17,1221,пешеход,ранен,невиновен
18,35,пассажир,погиб,невиновен
18,1057,пассажир,погиб,виновен
18,557,пешеход,погиб,невиновен
19,1627,пассажир,погиб,невиновен
20,1832,пассажир,погиб,виновен
20,277,пассажир,погиб,виновен
20,19,пассажир,цел,невиновен
20,810,пассажир,цел,невиновен
21,1498,пассажир,ранен,виновен
21,779,пассажир,цел,виновен
21,480,пассажир,цел,виновен
21,1203,пассажир,ранен,виновен
22,1507,пассажир,погиб,невиновен
24,656,пассажир,погиб,виновен
24,676,пассажир,погиб,виновен
24,601,пассажир,ранен,невиновен
24,517,пассажир,цел,невиновен
25,929,пешеход,погиб,невиновен
26,960,пешеход,цел,виновен
27,370,пассажир,цел,виновен
27,33,пассажир,ранен,виновен
27,1144,пассажир,цел,виновен
28,1653,пассажир,погиб,невиновен
28,150,пассажир,погиб,невиновен
29,171,пассажир,ранен,невиновен
29,1102,пассажир,погиб,виновен
29,778,пассажир,цел,невиновен
29,1170,пассажир,погиб,невиновен
30,1198,пассажир,ранен,невиновен
30,760,пассажир,ранен,виновен
30,1268,пассажир,цел,невиновен
30,44,пассажир,цел,невиновен
32,1275,пассажир,цел,виновен
32,71,пассажир,ранен,невиновен
32,844,пассажир,ранен,виновен
33,535,пассажир,ранен,невиновен
34,1671,пассажир,цел,виновен
34,1821,пассажир,погиб,невиновен
35,79,пассажир,цел,виновен
35,1296,пассажир,погиб,невиновен
35,1885,пассажир,цел,невиновен
35,1229,пассажир,ранен,виновен
37,1946,пассажир,погиб,виновен
37,60,пассажир,цел,невиновен
37,302,пассажир,ранен,виновен
38,337,пассажир,погиб,невиновен
38,928,пассажир,погиб,виновен
38,1307,пешеход,цел,невиновен
39,364,пешеход,погиб,невиновен
40,187,пассажир,ранен,невиновен
40,859,пассажир,ранен,виновен
42,1700,пассажир,ранен,невиновен
42,586,пассажир,ранен,невиновен
45,547,пассажир,погиб,виновен
45,1335,пассажир,погиб,невиновен
46,360,пассажир,погиб,виновен
48,1367,пассажир,погиб,виновен
48,862,пассажир,цел,виновен
48,1473,пассажир,ранен,невиновен
49,123,пассажир,цел,виновен
49,644,пассажир,цел,невиновен
50,712,пассажир,ранен,виновен
50,1303,пассажир,погиб,виновен
51,837,пассажир,ранен,невиновен
51,1166,пассажир,ранен,невиновен
52,1100,пассажир,погиб,невиновен
53,1593,пассажир,ранен,виновен
53,119,пассажир,погиб,невиновен
53,1874,пассажир,ранен,невиновен
53,1258,пешеход,цел,виновен
54,1070,пассажир,погиб,виновен
54,1890,пассажир,цел,виновен
55,394,пассажир,ранен,невиновен
55,1630,пассажир,цел,виновен
55,1666,пешеход,ранен,виновен
57,712,пассажир,погиб,невиновен
57,1933,пешеход,погиб,невиновен
58,1396,пассажир,ранен,невиновен
58,1231,пешеход,ранен,невиновен
59,1784,пассажир,погиб,виновен
59,580,пешеход,ранен,виновен
60,316,пассажир,погиб,виновен
60,1807,пассажир,ранен,виновен
60,17,пассажир,ранен,невиновен
60,514,пассажир,погиб,невиновен
61,1209,пешеход,цел,виновен
63,505,пассажир,цел,невиновен
63,767,пассажир,цел,виновен
64,1331,пассажир,ранен,невиновен
64,200,пассажир,цел,виновен
65,1325,пассажир,ранен,невиновен
65,348,пассажир,погиб,невиновен
65,1874,пассажир,цел,виновен
65,1271,пешеход,цел,виновен
66,133,пассажир,погиб,невиновен
66,1479,пассажир,ранен,невиновен
67,912,пассажир,ранен,невиновен
67,1706,пассажир,ранен,невиновен
67,750,пассажир,ранен,невиновен
67,252,пешеход,цел,виновен
68,593,пассажир,погиб,виновен
69,710,пешеход,погиб,невиновен
70,1511,пассажир,погиб,невиновен
70,1902,пассажир,ранен,невиновен
70,1068,пешеход,погиб,невиновен
71,1379,пассажир,погиб,виновен
71,468,пассажир,цел,невиновен
72,1552,пассажир,цел,невиновен
72,33,пассажир,цел,виновен
73,846,пассажир,погиб,виновен
73,1718,пассажир,ранен,невиновен
74,126,пассажир,погиб,невиновен
74,76,пассажир,погиб,виновен
74,231,пассажир,ранен,невиновен
75,1591,пассажир,цел,невиновен
75,887,пассажир,погиб,виновен
75,1316,пассажир,цел,виновен
76,1564,пассажир,погиб,невиновен
76,818,пассажир,цел,невиновен
76,985,пассажир,ранен,виновен
77,1927,пассажир,цел,невиновен
77,327,пассажир,погиб,виновен
77,1949,пассажир,погиб,невиновен
77,717,пешеход,погиб,невиновен
79,1788,пассажир,цел,невиновен
79,700,пассажир,цел,невиновен
79,1786,пассажир,погиб,виновен
80,1385,пассажир,ранен,невиновен
81,813,пассажир,погиб,невиновен
81,1434,пассажир,цел,невиновен
81,131,пассажир,погиб,виновен
82,1092,пассажир,ранен,невиновен
82,1139,пассажир,погиб,виновен
82,92,пешеход,цел,невиновен
83,801,пассажир,ранен,виновен
84,260,пассажир,ранен,виновен
84,1930,пассажир,погиб,виновен
85,1775,пассажир,погиб,невиновен
86,1198,пассажир,ранен,невиновен
86,1700,пассажир,цел,виновен
86,1278,пассажир,цел,виновен
87,482,пассажир,погиб,невиновен
87,804,пассажир,ранен,невиновен
87,1262,пассажир,погиб,виновен
87,1259,пассажир,погиб,виновен
88,1887,пассажир,ранен,виновен
88,305,пассажир,ранен,виновен
88,507,пешеход,погиб,невиновен
90,1669,пассажир,погиб,виновен
90,58,пассажир,погиб,невиновен
90,1958,пассажир,цел,невиновен
91,1013,пассажир,цел,виновен
91,1523,пассажир,цел,виновен
91,569,пассажир,погиб,невиновен
91,1000,пассажир,ранен,невиновен
92,780,пассажир,ранен,виновен
92,1339,пассажир,цел,невиновен
92,1355,пассажир,цел,невиновен
92,1695,пассажир,погиб,невиновен
93,1514,пассажир,цел,невиновен
93,1787,пешеход,погиб,виновен
94,1886,пассажир,цел,невиновен
94,1902,пассажир,цел,невиновен
95,713,пассажир,ранен,виновен
95,981,пешеход,погиб,невиновен
96,1818,пассажир,ранен,невиновен
97,14,пассажир,погиб,виновен
98,613,пассажир,цел,виновен
98,1802,пассажир,погиб,невиновен
98,587,пассажир,цел,виновен
98,484,пассажир,ранен,невиновен
99,156,пассажир,цел,невиновен
99,268,пешеход,цел,невиновен
100,812,пассажир,погиб,невиновен
101,1926,пассажир,ранен,виновен
101,1346,пассажир,цел,невиновен
101,1506,пассажир,ранен,невиновен
102,1291,пешеход,ранен,виновен
104,955,пассажир,цел,виновен
104,935,пассажир,ранен,виновен
105,177,пассажир,ранен,невиновен
105,463,пассажир,погиб,виновен
106,1348,пассажир,цел,невиновен
107,972,пассажир,цел,виновен
107,1250,пассажир,цел,виновен
107,1129,пешеход,погиб,невиновен
108,934,пассажир,ранен,невиновен
108,588,пассажир,цел,виновен
108,214,пассажир,цел,виновен
109,934,пассажир,ранен,виновен
110,1638,пассажир,ранен,виновен
110,406,пешеход,ранен,виновен
112,1551,пассажир,погиб,виновен
112,924,пассажир,цел,виновен
113,462,пассажир,ранен,невиновен
113,1265,пассажир,ранен,невиновен
113,1022,пассажир,цел,виновен
113,1135,пешеход,ранен,невиновен
115,96,пассажир,погиб,невиновен
115,172,пассажир,погиб,виновен
115,1276,пассажир,погиб,виновен
116,1646,пассажир,ранен,виновен
117,1164,пассажир,погиб,невиновен
117,1854,пассажир,цел,невиновен
117,1016,пассажир,цел,виновен
118,413,пассажир,ранен,виновен
118,1420,пассажир,цел,невиновен
118,943,пассажир,ранен,виновен
119,949,пассажир,ранен,виновен
119,1993,пассажир,ранен,невиновен
119,952,пассажир,погиб,невиновен
120,289,пассажир,погиб,невиновен
121,1841,пассажир,цел,виновен
121,388,пассажир,погиб,виновен
121,777,пешеход,цел,невиновен
122,470,пассажир,ранен,невиновен
122,783,пешеход,цел,виновен
123,130,пассажир,цел,виновен
123,49,пассажир,погиб,виновен
123,1502,пассажир,ранен,невиновен
124,176,пассажир,цел,невиновен
124,674,пассажир,ранен,невиновен
124,1271,пассажир,погиб,виновен
125,822,пассажир,погиб,невиновен
126,1315,пассажир,погиб,невиновен
126,511,пассажир,погиб,невиновен
126,1186,пассажир,погиб,виновен
127,1915,пассажир,погиб,невиновен
127,1727,пассажир,цел,невиновен
127,219,пассажир,ранен,невиновен
129,982,пассажир,ранен,невиновен
129,358,пассажир,погиб,виновен
129,1630,пассажир,цел,виновен
130,1108,пассажир,ранен,невиновен
130,1668,пассажир,цел,виновен
130,40,пассажир,погиб,виновен
131,1430,пассажир,погиб,виновен
131,1366,пешеход,ранен,невиновен
132,474,пассажир,цел,виновен
132,110,пассажир,ранен,невиновен
132,1221,пассажир,ранен,невиновен
133,1671,пассажир,цел,виновен
134,253,пассажир,ранен,невиновен
134,1573,пассажир,ранен,виновен
135,1037,пассажир,погиб,невиновен
135,257,пассажир,ранен,виновен
136,1150,пассажир,погиб,виновен
136,1283,пассажир,ранен,виновен
136,1012,пешеход,погиб,невиновен
137,65,пассажир,погиб,невиновен
137,694,пассажир,ранен,невиновен
138,730,пассажир,ранен,виновен
138,804,пассажир,цел,виновен
138,602,пассажир,ранен,невиновен
138,1360,пассажир,погиб,невиновен
139,1498,пассажир,ранен,невиновен
139,610,пассажир,цел,невиновен
139,1475,пассажир,погиб,виновен
140,265,пешеход,ранен,невиновен
141,1878,пассажир,цел,виновен
141,1056,пассажир,цел,виновен
144,1329,пассажир,погиб,виновен
145,1268,пассажир,ранен,невиновен
145,242,пассажир,погиб,виновен
145,1126,пассажир,цел,невиновен
148,1599,пассажир,цел,невиновен
148,483,пассажир,цел,невиновен
149,1496,пассажир,цел,виновен
149,1485,пассажир,погиб,невиновен
149,652,пешеход,погиб,виновен
150,1617,пассажир,ранен,невиновен
150,1706,пешеход,погиб,невиновен
151,1911,пассажир,ранен,виновен
151,1777,пассажир,цел,невиновен
152,830,пассажир,погиб,невиновен
154,1945,пассажир,цел,виновен
154,1073,пассажир,цел,виновен
154,252,пассажир,погиб,невиновен
155,313,пассажир,погиб,виновен
155,1920,пассажир,цел,невиновен
156,770,пассажир,ранен,виновен
156,1036,пассажир,цел,виновен
156,1247,пешеход,цел,виновен
157,71,пассажир,ранен,виновен
158,1195,пешеход,ранен,виновен
159,1864,пассажир,цел,виновен
159,1700,пассажир,ранен,невиновен
159,310,пассажир,погиб,виновен
159,323,пешеход,ранен,невиновен
161,1598,пассажир,ранен,невиновен
161,610,пешеход,погиб,невиновен
162,571,пассажир,погиб,виновен
163,29,пассажир,ранен,виновен
163,1120,пассажир,цел,виновен
163,1226,пешеход,погиб,невиновен
164,594,пассажир,погиб,невиновен
165,1690,пассажир,погиб,невиновен
165,786,пешеход,погиб,виновен
166,1541,пассажир,погиб,невиновен
166,1494,пассажир,цел,невиновен
166,509,пешеход,цел,виновен
168,926,пассажир,цел,виновен
169,963,пассажир,ранен,виновен
170,714,пассажир,погиб,невиновен
170,963,пассажир,ранен,виновен
170,1543,пассажир,цел,невиновен
171,1985,пассажир,ранен,невиновен
171,443,пассажир,цел,виновен
171,1704,пассажир,ранен,невиновен
172,689,пассажир,цел,невиновен
172,855,пассажир,ранен,невиновен
173,354,пешеход,ранен,виновен
174,478,пассажир,ранен,виновен
174,378,пассажир,ранен,виновен
174,1496,пассажир,погиб,виновен
175,566,пассажир,ранен,виновен
175,208,пассажир,ранен,невиновен
176,1267,пешеход,погиб,виновен
177,684,пассажир,погиб,виновен
177,977,пассажир,погиб,невиновен
177,1434,пассажир,цел,невиновен
178,1390,пассажир,цел,виновен
178,286,пассажир,цел,невиновен
178,750,пассажир,цел,невиновен
178,1336,пассажир,ранен,виновен
179,1023,пассажир,погиб,виновен
179,1508,пассажир,цел,невиновен
180,782,пассажир,погиб,виновен
181,1133,пассажир,ранен,виновен
181,1672,пассажир,ранен,невиновен
181,861,пассажир,ранен,виновен
182,917,пассажир,ранен,невиновен
182,1224,пассажир,цел,виновен
184,927,пассажир,ранен,невиновен
185,602,пассажир,цел,невиновен
187,1692,пешеход,погиб,виновен
189,1921,пассажир,цел,невиновен
190,620,пассажир,цел,виновен
191,1902,пассажир,цел,невиновен
191,995,пассажир,цел,виновен
192,550,пассажир,ранен,виновен
192,922,пассажир,цел,невиновен
193,535,пассажир,цел,невиновен
194,1864,пассажир,погиб,невиновен
194,1570,пассажир,погиб,невиновен
196,25,пассажир,цел,невиновен
196,1501,пассажир,погиб,виновен
197,1196,пассажир,ранен,невиновен
197,1436,пассажир,погиб,виновен
197,259,пассажир,погиб,невиновен
197,146,пешеход,погиб,невиновен
198,1991,пассажир,цел,невиновен
198,914,пешеход,цел,невиновен
199,1876,пассажир,ранен,виновен
199,401,пассажир,погиб,виновен
199,910,пассажир,ранен,виновен
199,1845,пешеход,ранен,виновен
201,1309,пешеход,цел,невиновен
202,1008,пассажир,погиб,виновен
202,1900,пассажир,погиб,невиновен
202,502,пассажир,ранен,виновен
203,934,пассажир,ранен,невиновен
203,1640,пассажир,погиб,невиновен
203,115,пассажир,ранен,виновен
204,383,пассажир,цел,невиновен
204,862,пассажир,цел,невиновен
205,1402,пассажир,погиб,невиновен
205,910,пассажир,ранен,невиновен
205,1415,пассажир,погиб,виновен
206,1630,пассажир,ранен,виновен
206,672,пассажир,погиб,виновен
207,1668,пассажир,ранен,невиновен
207,1977,пассажир,ранен,невиновен
209,1717,пассажир,погиб,невиновен
210,1629,пассажир,ранен,виновен
210,1332,пассажир,цел,невиновен
211,1069,пассажир,цел,невиновен
211,1944,пассажир,погиб,виновен
212,1177,пассажир,погиб,виновен
212,1702,пассажир,ранен,виновен
213,219,пассажир,ранен,невиновен
213,918,пассажир,цел,виновен
214,93,пассажир,ранен,виновен
215,927,пассажир,погиб,виновен
215,709,пассажир,ранен,невиновен
215,895,пассажир,ранен,невиновен
217,1218,пассажир,ранен,виновен
217,588,пассажир,погиб,виновен
218,1631,пассажир,ранен,виновен
218,1134,пешеход,цел,невиновен
219,1396,пассажир,ранен,виновен
220,817,пассажир,цел,виновен
221,1872,пешеход,погиб,невиновен
222,1682,пассажир,ранен,виновен
223,823,пассажир,ранен,виновен
223,181,пассажир,цел,невиновен
223,1330,пассажир,ранен,невиновен
224,1659,пассажир,цел,виновен
224,1346,пассажир,погиб,невиновен
224,1516,пешеход,цел,виновен
225,3,пассажир,цел,виновен
225,1927,пассажир,цел,виновен
225,780,пассажир,погиб,виновен
226,42,пассажир,ранен,невиновен
226,253,пассажир,погиб,виновен
227,861,пассажир,ранен,невиновен
227,1730,пассажир,погиб,невиновен
228,452,пассажир,цел,виновен
228,196,пассажир,ранен,невиновен
229,1881,пассажир,ранен,виновен
230,959,пассажир,цел,невиновен
230,650,пассажир,ранен,виновен
230,678,пассажир,погиб,невиновен
231,948,пассажир,ранен,виновен
231,1382,пассажир,погиб,виновен
231,723,пассажир,цел,невиновен
231,1953,пассажир,ранен,виновен
232,1332,пассажир,ранен,виновен
232,1920,пассажир,цел,невиновен
233,90,пассажир,ранен,виновен
234,1519,пассажир,погиб,виновен
234,520,пассажир,ранен,невиновен
235,1520,пешеход,ранен,виновен
236,1686,пассажир,ранен,виновен
236,1195,пешеход,ранен,виновен
237,1062,пассажир,погиб,виновен
237,1473,пассажир,ранен,невиновен
238,1231,пассажир,погиб,невиновен
238,1906,пассажир,ранен,виновен
238,458,пассажир,цел,виновен
238,1172,пассажир,погиб,виновен
239,1882,пассажир,погиб,невиновен
239,1932,пассажир,ранен,невиновен
239,1953,пассажир,цел,невиновен
239,868,пассажир,ранен,невиновен
240,1665,пассажир,погиб,невиновен
240,705,пассажир,цел,виновен
242,290,пассажир,ранен,невиновен
242,1156,пассажир,цел,виновен
242,399,пассажир,погиб,виновен
243,1300,пассажир,погиб,невиновен
244,1249,пассажир,цел,невиновен
244,1650,пассажир,погиб,невиновен
245,462,пассажир,цел,виновен
245,1480,пешеход,погиб,виновен
246,1568,пассажир,погиб,виновен
247,1968,пассажир,цел,невиновен
247,1620,пассажир,цел,виновен
247,142,пассажир,погиб,виновен
247,378,пассажир,цел,невиновен
248,1135,пассажир,цел,виновен
249,1615,пассажир,цел,виновен
249,1178,пассажир,ранен,невиновен
249,301,пассажир,цел,невиновен
250,1452,пассажир,цел,виновен
251,711,пассажир,ранен,невиновен
251,752,пассажир,погиб,виновен
252,968,пассажир,погиб,виновен
252,1684,пассажир,погиб,невиновен
253,190,пассажир,ранен,невиновен
253,300,пассажир,цел,виновен
253,1301,пассажир,ранен,невиновен
254,173,пассажир,ранен,невиновен
255,537,пешеход,цел,виновен
257,1114,пешеход,ранен,невиновен
258,1913,пешеход,ранен,виновен
259,1796,пешеход,погиб,виновен
260,1726,пассажир,цел,виновен
260,156,пешеход,ранен,виновен
261,1378,пассажир,цел,невиновен
262,1951,пассажир,цел,виновен
262,1041,пассажир,цел,виновен
263,297,пассажир,ранен,виновен
263,1099,пассажир,погиб,невиновен
263,1151,пешеход,погиб,виновен
264,779,пассажир,цел,виновен
264,1892,пассажир,ранен,виновен
265,39,пассажир,ранен,невиновен
266,328,пассажир,погиб,невиновен
266,1113,пассажир,ранен,невиновен
266,930,пассажир,цел,виновен
267,117,пассажир,ранен,невиновен
268,1888,пассажир,погиб,виновен
268,1797,пешеход,погиб,невиновен
269,823,пассажир,цел,виновен
269,1904,пассажир,погиб,невиновен
269,709,пассажир,цел,виновен
271,1456,пассажир,цел,виновен
271,778,пассажир,цел,невиновен
273,668,пассажир,ранен,виновен
273,936,пассажир,ранен,виновен
274,398,пассажир,погиб,виновен
275,899,пассажир,цел,невиновен
275,1494,пассажир,ранен,виновен
275,1926,пассажир,ранен,невиновен
276,1822,пассажир,погиб,виновен
277,421,пассажир,ранен,невиновен
277,1953,пассажир,цел,виновен
277,286,пассажир,цел,виновен
277,493,пешеход,цел,невиновен
278,464,пассажир,цел,невиновен
278,1762,пассажир,погиб,невиновен
279,125,пассажир,погиб,невиновен
281,898,пассажир,погиб,виновен
281,1955,пассажир,ранен,невиновен
281,222,пассажир,цел,невиновен
281,617,пассажир,цел,невиновен
284,694,пассажир,погиб,виновен
284,367,пассажир,ранен,виновен
285,1439,пассажир,ранен,невиновен
285,1770,пассажир,ранен,невиновен
286,278,пассажир,цел,виновен
286,743,пассажир,ранен,виновен
287,777,пассажир,ранен,виновен
287,1439,пассажир,цел,виновен
287,231,пассажир,цел,виновен
287,66,пешеход,цел,невиновен
288,716,пассажир,ранен,невиновен
288,423,пассажир,цел,виновен
288,513,пассажир,погиб,невиновен
289,1408,пассажир,погиб,невиновен
289,1369,пешеход,погиб,невиновен
291,1518,пассажир,ранен,виновен
291,855,пассажир,цел,невиновен
292,522,пассажир,ранен,виновен
293,214,пассажир,цел,виновен
293,1019,пассажир,погиб,виновен
294,195,пассажир,погиб,виновен
294,811,пассажир,погиб,виновен
294,1776,пассажир,погиб,невиновен
296,1288,пассажир,ранен,невиновен
296,1567,пассажир,погиб,виновен
297,1313,пассажир,ранен,виновен
298,951,пассажир,цел,невиновен
298,1189,пассажир,ранен,невиновен
298,921,пешеход,цел,невиновен
299,1,пассажир,ранен,виновен
299,1629,пассажир,цел,виновен
299,899,пешеход,ранен,виновен
300,1799,пассажир,ранен,виновен
300,55,пассажир,погиб,невиновен
301,1030,пассажир,погиб,невиновен
302,223,пассажир,погиб,виновен
302,1229,пассажир,погиб,невиновен
302,1600,пассажир,цел,невиновен
302,1163,пассажир,цел,невиновен
303,1,пассажир,погиб,виновен
303,742,пассажир,цел,виновен
303,681,пешеход,ранен,виновен
304,1491,пассажир,погиб,виновен
304,1773,пассажир,ранен,невиновен
304,496,пассажир,ранен,виновен
304,732,пассажир,ранен,невиновен
305,1120,пассажир,цел,невиновен
305,1686,пассажир,ранен,виновен
305,758,пассажир,цел,виновен
305,1291,пассажир,ранен,виновен
306,522,пассажир,погиб,невиновен
307,879,пассажир,погиб,невиновен
307,1384,пассажир,погиб,виновен
308,1892,пассажир,погиб,виновен
309,268,пешеход,цел,невиновен
310,1793,пассажир,ранен,виновен
310,1663,пассажир,цел,виновен
311,1902,пассажир,погиб,невиновен
311,1095,пассажир,ранен,невиновен
311,1635,пассажир,ранен,виновен
312,1610,пассажир,погиб,виновен
313,1442,пассажир,цел,невиновен
315,1550,пассажир,погиб,невиновен
315,1609,пассажир,погиб,виновен
315,1628,пешеход,ранен,виновен
316,23,пассажир,погиб,виновен
316,1138,пассажир,цел,виновен
317,1674,пассажир,ранен,виновен
317,784,пассажир,ранен,невиновен
318,542,пассажир,погиб,виновен
318,20,пассажир,цел,виновен
319,975,пассажир,погиб,невиновен
319,1295,пассажир,цел,виновен
321,1247,пассажир,погиб,невиновен
321,371,пассажир,ранен,виновен
322,1168,пассажир,ранен,виновен
322,1747,пассажир,погиб,невиновен
323,1816,пассажир,погиб,невиновен
323,1179,пассажир,цел,виновен
324,5,пассажир,погиб,невиновен
324,971,пешеход,цел,невиновен
325,423,пассажир,погиб,виновен
325,20,пассажир,погиб,виновен
325,711,пассажир,погиб,невиновен
325,84,пассажир,погиб,виновен
326,382,пассажир,погиб,невиновен
326,851,пассажир,погиб,виновен
327,901,пассажир,цел,невиновен
327,293,пассажир,ранен,невиновен
327,81,пассажир,погиб,невиновен
328,436,пассажир,погиб,виновен
328,44,пассажир,цел,невиновен
328,487,пассажир,погиб,невиновен
329,1266,пассажир,цел,невиновен
329,654,пассажир,погиб,виновен
329,982,пассажир,погиб,виновен
330,1790,пассажир,ранен,невиновен
331,479,пассажир,погиб,невиновен
331,477,пассажир,погиб,невиновен
332,566,пассажир,погиб,виновен
333,1122,пассажир,цел,виновен
333,1688,пассажир,погиб,виновен
333,1291,пассажир,ранен,виновен
334,56,пассажир,погиб,невиновен
334,629,пассажир,погиб,невиновен
335,260,пассажир,ранен,виновен
335,1960,пассажир,ранен,виновен
335,53,пешеход,цел,невиновен
336,178,пассажир,погиб,виновен
336,1279,пассажир,погиб,виновен
337,465,пассажир,ранен,виновен
337,261,пешеход,цел,невиновен
338,116,пассажир,цел,виновен
339,1925,пассажир,погиб,невиновен
340,1918,пассажир,погиб,виновен
340,1050,пешеход,ранен,виновен
341,1711,пассажир,цел,виновен
341,1166,пассажир,погиб,невиновен
341,1999,пассажир,погиб,виновен
342,1628,пассажир,цел,виновен
342,245,пассажир,ранен,виновен
346,1980,пассажир,погиб,виновен
347,1006,пассажир,ранен,виновен
348,1702,пассажир,цел,невиновен
348,1736,пассажир,погиб,невиновен
348,450,пассажир,погиб,невиновен
350,59,пассажир,погиб,невиновен
350,57,пассажир,цел,невиновен
350,1843,пассажир,ранен,виновен
351,1644,пассажир,погиб,виновен
351,311,пассажир,ранен,невиновен
351,1033,пешеход,ранен,виновен
352,1713,пассажир,цел,виновен
352,290,пешеход,цел,невиновен
353,1005,пассажир,погиб,невиновен
353,1993,пассажир,погиб,невиновен
353,749,пассажир,цел,невиновен
354,1842,пассажир,ранен,виновен
354,1666,пассажир,погиб,невиновен
354,949,пассажир,цел,невиновен
354,1863,пассажир,цел,невиновен
356,1046,пассажир,погиб,невиновен
356,1431,пешеход,погиб,виновен
357,1777,пассажир,ранен,виновен
358,581,пешеход,цел,виновен
359,1393,пешеход,ранен,невиновен
360,506,пассажир,погиб,невиновен
360,130,пассажир,цел,невиновен
360,1686,пассажир,погиб,невиновен
361,98,пассажир,цел,невиновен
361,630,пешеход,ранен,виновен
362,1735,пассажир,погиб,невиновен
363,633,пассажир,погиб,невиновен
363,1257,пассажир,погиб,невиновен
363,164,пассажир,цел,невиновен
364,130,пассажир,погиб,невиновен
364,168,пассажир,погиб,невиновен
364,279,пассажир,погиб,виновен
364,165,пешеход,цел,невиновен
365,1244,пассажир,погиб,виновен
365,107,пассажир,ранен,виновен
366,92,пассажир,погиб,виновен
366,800,пешеход,ранен,невиновен
367,161,пассажир,ранен,виновен
367,305,пассажир,погиб,виновен
367,177,пешеход,погиб,невиновен
368,923,пассажир,погиб,невиновен
368,635,пассажир,ранен,виновен
368,409,пассажир,цел,виновен
369,1321,пассажир,ранен,невиновен
370,90,пешеход,погиб,невиновен
371,651,пассажир,цел,виновен
371,821,пассажир,ранен,виновен
371,1890,пешеход,погиб,невиновен
372,910,пассажир,цел,невиновен
372,820,пассажир,ранен,виновен
373,950,пассажир,ранен,невиновен
373,427,пассажир,цел,невиновен
374,371,пассажир,цел,невиновен
374,1773,пешеход,погиб,виновен
376,75,пассажир,цел,невиновен
376,1127,пассажир,погиб,виновен
376,1388,пассажир,цел,невиновен
377,1297,пассажир,погиб,невиновен
377,924,пассажир,погиб,невиновен
378,957,пассажир,ранен,виновен
379,1745,пассажир,погиб,невиновен
379,1014,пассажир,погиб,невиновен
379,1393,пассажир,ранен,виновен
379,103,пассажир,ранен,виновен
380,1873,пассажир,погиб,виновен
380,837,пассажир,цел,виновен
380,335,пассажир,ранен,виновен
381,39,пассажир,погиб,виновен
381,1210,пассажир,погиб,виновен
381,349,пассажир,погиб,виновен
384,806,пассажир,цел,невиновен
384,934,пассажир,цел,невиновен
384,340,пассажир,цел,виновен
384,454,пешеход,погиб,виновен
385,1766,пассажир,цел,невиновен
386,19,пассажир,ранен,виновен
387,1984,пассажир,ранен,виновен
387,844,пассажир,ранен,невиновен
388,986,пассажир,ранен,невиновен
388,915,пассажир,погиб,невиновен
389,474,пешеход,цел,виновен
390,775,пассажир,цел,виновен
390,1586,пешеход,погиб,виновен
391,1795,пассажир,цел,виновен
391,728,пассажир,ранен,виновен
391,161,пассажир,ранен,виновен
391,1331,пассажир,ранен,виновен
393,1552,пассажир,погиб,виновен
393,1923,пассажир,погиб,виновен
393,137,пассажир,погиб,невиновен
393,899,пешеход,цел,невиновен
394,1681,пассажир,ранен,виновен
396,53,пассажир,погиб,виновен
396,1801,пассажир,погиб,виновен
396,419,пассажир,ранен,невиновен
397,746,пассажир,ранен,невиновен
397,1158,пассажир,ранен,невиновен
398,1305,пассажир,погиб,виновен
399,267,пассажир,ранен,невиновен
399,1537,пассажир,ранен,виновен
399,960,пассажир,ранен,невиновен
399,1945,пассажир,цел,невиновен
400,493,пассажир,ранен,невиновен
401,413,пассажир,цел,невиновен
401,804,пассажир,погиб,невиновен
402,844,пассажир,погиб,невиновен
402,345,пассажир,цел,невиновен
402,1917,пассажир,погиб,виновен
402,1979,пешеход,погиб,невиновен
403,944,пассажир,ранен,невиновен
403,93,пассажир,цел,виновен
403,54,пешеход,цел,виновен
404,1662,пассажир,цел,виновен
405,1301,пассажир,ранен,невиновен
405,1517,пассажир,ранен,виновен
405,1196,пассажир,погиб,невиновен
405,184,пассажир,ранен,невиновен
406,1702,пассажир,цел,виновен
406,1450,пассажир,цел,виновен
408,1545,пассажир,цел,виновен
408,801,пассажир,погиб,невиновен
408,1729,пассажир,погиб,виновен
409,462,пассажир,погиб,невиновен
410,404,пассажир,ранен,невиновен
411,293,пассажир,ранен,виновен
411,1528,пассажир,цел,невиновен
411,1522,пассажир,ранен,виновен
413,582,пассажир,ранен,виновен
413,1292,пассажир,погиб,невиновен
413,1630,пассажир,погиб,невиновен
413,1920,пассажир,погиб,невиновен
414,772,пассажир,ранен,виновен
416,1400,пассажир,погиб,виновен
416,742,пассажир,погиб,виновен
418,1714,пассажир,ранен,невиновен
418,868,пешеход,погиб,невиновен
419,598,пассажир,цел,виновен
420,517,пассажир,погиб,виновен
420,827,пассажир,погиб,невиновен
420,1042,пассажир,погиб,невиновен
421,1928,пассажир,цел,невиновен
421,1285,пассажир,ранен,виновен
422,1514,пассажир,цел,виновен
422,1629,пассажир,ранен,виновен
423,946,пешеход,погиб,виновен
424,352,пассажир,ранен,невиновен
424,653,пассажир,ранен,невиновен
425,1235,пассажир,ранен,виновен
426,859,пассажир,цел,невиновен
427,1668,пассажир,цел,виновен
427,681,пассажир,ранен,виновен
427,101,пассажир,погиб,невиновен
427,112,пассажир,ранен,виновен
428,1206,пассажир,погиб,виновен
428,930,пассажир,ранен,невиновен
428,1195,пассажир,погиб,виновен
429,680,пассажир,ранен,невиновен
430,1073,пассажир,погиб,виновен
430,1721,пешеход,ранен,невиновен
431,778,пассажир,ранен,невиновен
431,411,пассажир,погиб,невиновен
433,1754,пассажир,цел,виновен
433,1884,пассажир,погиб,невиновен
434,311,пассажир,цел,невиновен
434,341,пассажир,цел,невиновен
436,1798,пассажир,погиб,виновен
436,1071,пассажир,ранен,виновен
437,406,пассажир,ранен,виновен
437,1838,пассажир,ранен,невиновен
437,213,пассажир,погиб,виновен
438,202,пассажир,погиб,виновен
438,1163,пешеход,ранен,виновен
439,85,пассажир,погиб,виновен
439,1114,пассажир,цел,невиновен
439,978,пассажир,цел,виновен
439,292,пассажир,погиб,виновен
441,1777,пассажир,погиб,невиновен
441,1711,пассажир,цел,виновен
441,104,пассажир,цел,виновен
441,154,пассажир,погиб,виновен
442,104,пассажир,ранен,виновен
442,1788,пассажир,цел,невиновен
442,809,пешеход,погиб,невиновен
443,959,пассажир,ранен,виновен
443,668,пассажир,цел,невиновен
443,893,пассажир,ранен,невиновен
444,878,пассажир,погиб,виновен
445,478,пассажир,ранен,невиновен
445,1886,пассажир,ранен,виновен
445,1252,пассажир,погиб,виновен
446,1987,пассажир,цел,виновен
446,1785,пешеход,погиб,виновен
447,107,пассажир,цел,невиновен
447,370,пассажир,погиб,невиновен
448,775,пассажир,цел,невиновен
448,1631,пассажир,погиб,невиновен
448,1694,пассажир,цел,невиновен
448,1083,пешеход,погиб,невиновен
449,978,пассажир,ранен,невиновен
451,60,пассажир,цел,виновен
451,740,пассажир,цел,невиновен
452,200,пассажир,ранен,невиновен
453,1903,пассажир,ранен,виновен
454,532,пассажир,ранен,невиновен
454,412,пассажир,цел,невиновен
454,1997,пешеход,цел,виновен
455,1148,пассажир,ранен,невиновен
455,1181,пассажир,ранен,невиновен
455,1959,пассажир,ранен,невиновен
455,580,пассажир,ранен,виновен
456,1611,пассажир,погиб,виновен
457,777,пассажир,ранен,невиновен
457,953,пассажир,погиб,невиновен
458,1326,пассажир,цел,невиновен
458,857,пассажир,ранен,виновен
458,1038,пешеход,погиб,виновен
459,556,пассажир,ранен,невиновен
459,1051,пассажир,цел,виновен
460,576,пассажир,цел,невиновен
461,1945,пассажир,ранен,невиновен
461,1681,пассажир,ранен,невиновен
462,817,пассажир,цел,невиновен
462,583,пассажир,цел,виновен
463,1608,пассажир,погиб,виновен
463,1017,пассажир,ранен,невиновен
463,1566,пассажир,цел,невиновен
463,730,пассажир,цел,невиновен
464,1283,пассажир,ранен,виновен
464,24,пассажир,погиб,виновен
464,1022,пассажир,ранен,невиновен
465,926,пассажир,цел,невиновен
465,123,пассажир,цел,невиновен
466,1288,пассажир,цел,виновен
467,1697,пассажир,погиб,виновен
469,509,пассажир,ранен,виновен
469,1304,пассажир,цел,невиновен
470,583,пассажир,погиб,виновен
470,110,пассажир,ранен,виновен
473,773,пассажир,погиб,невиновен
473,1637,пассажир,ранен,виновен
474,1459,пассажир,погиб,невиновен
474,1013,пассажир,цел,виновен
474,995,пассажир,цел,невиновен
476,1534,пассажир,погиб,невиновен
476,707,пассажир,погиб,невиновен
476,464,пассажир,ранен,виновен
477,1316,пассажир,ранен,виновен
477,1962,пассажир,цел,виновен
477,1025,пассажир,цел,виновен
478,1265,пассажир,цел,невиновен
478,1955,пассажир,погиб,виновен
479,17,пассажир,цел,невиновен
481,1159,пассажир,погиб,невиновен
481,515,пассажир,погиб,виновен
481,1846,пассажир,цел,виновен
482,1426,пассажир,цел,невиновен
482,1913,пассажир,цел,невиновен
482,1696,пассажир,ранен,невиновен
483,1437,пассажир,погиб,виновен
483,1138,пассажир,погиб,невиновен
483,1992,пассажир,ранен,невиновен
486,287,пассажир,цел,невиновен
486,1922,пешеход,погиб,виновен
487,1043,пассажир,погиб,виновен
487,1161,пешеход,ранен,виновен
488,862,пассажир,погиб,виновен
488,1065,пассажир,погиб,невиновен
488,184,пассажир,цел,невиновен
489,405,пассажир,погиб,виновен
490,1850,пассажир,цел,невиновен
490,781,пешеход,погиб,виновен
491,1388,пассажир,погиб,невиновен
491,1508,пассажир,ранен,невиновен
492,1940,пассажир,цел,невиновен
492,1350,пассажир,цел,невиновен
492,161,пассажир,ранен,невиновен
493,990,пассажир,ранен,невиновен
494,1317,пассажир,цел,невиновен
495,1219,пассажир,ранен,виновен
495,702,пассажир,цел,невиновен
495,224,пассажир,ранен,виновен
496,227,пассажир,ранен,виновен
497,80,пассажир,погиб,виновен
497,1098,пассажир,цел,виновен
498,394,пассажир,цел,виновен
499,1683,пассажир,цел,виновен
499,1425,пассажир,погиб,виновен
500,1002,пассажир,ранен,невиновен
501,1503,пассажир,погиб,невиновен
502,190,пассажир,погиб,невиновен
503,1215,пассажир,цел,невиновен
503,1788,пешеход,погиб,невиновен
504,1612,пассажир,цел,виновен
504,369,пассажир,цел,виновен
504,474,пассажир,погиб,невиновен
506,74,пассажир,цел,невиновен
506,1115,пассажир,ранен,невиновен
507,1016,пассажир,ранен,невиновен
507,1482,пассажир,ранен,виновен
507,644,пассажир,цел,невиновен
508,245,пассажир,цел,невиновен
508,1616,пассажир,погиб,невиновен
511,1522,пассажир,цел,невиновен
511,1049,пассажир,погиб,невиновен
511,1859,пассажир,погиб,невиновен
512,377,пассажир,погиб,невиновен
512,1655,пассажир,ранен,виновен
512,732,пассажир,цел,виновен
513,529,пассажир,цел,виновен
514,1420,пассажир,погиб,виновен
514,727,пешеход,погиб,виновен
515,124,пассажир,цел,виновен
515,1331,пассажир,ранен,виновен
516,1179,пассажир,ранен,невиновен
516,1977,пассажир,погиб,виновен
516,832,пассажир,цел,невиновен
516,626,пассажир,погиб,виновен
517,985,пассажир,ранен,виновен
517,1704,пассажир,ранен,невиновен
517,674,пассажир,ранен,невиновен
518,989,пассажир,погиб,невиновен
518,1358,пассажир,ранен,невиновен
518,836,пешеход,цел,виновен
519,1321,пассажир,погиб,виновен
519,219,пассажир,погиб,виновен
519,1886,пассажир,цел,невиновен
519,1617,пассажир,цел,невиновен
520,1905,пассажир,цел,невиновен
521,1398,пассажир,ранен,виновен
522,877,пассажир,погиб,невиновен
522,857,пассажир,цел,невиновен
522,772,пассажир,погиб,невиновен
522,902,пассажир,погиб,невиновен
523,552,пассажир,погиб,виновен
523,254,пассажир,погиб,невиновен
524,118,пассажир,цел,невиновен
525,1558,пешеход,погиб,невиновен
527,956,пассажир,ранен,невиновен
527,1394,пассажир,погиб,невиновен
527,935,пассажир,погиб,виновен
527,1095,пешеход,ранен,невиновен
528,1958,пассажир,цел,виновен
528,1642,пассажир,погиб,виновен
529,525,пассажир,погиб,невиновен
530,286,пассажир,погиб,виновен
530,181,пассажир,ранен,виновен
530,1818,пассажир,погиб,невиновен
531,1575,пассажир,цел,невиновен
531,718,пешеход,ранен,невиновен
532,1696,пассажир,ранен,виновен
532,886,пассажир,погиб,виновен
532,826,пассажир,цел,виновен
532,291,пешеход,цел,невиновен
534,1529,пассажир,погиб,невиновен
534,845,пассажир,погиб,невиновен
535,1561,пассажир,погиб,невиновен
535,576,пассажир,погиб,виновен
535,1754,пассажир,погиб,невиновен
536,548,пассажир,погиб,виновен
536,425,пассажир,ранен,невиновен
537,9,пассажир,цел,невиновен
537,1476,пассажир,погиб,невиновен
537,1633,пассажир,цел,невиновен
537,934,пассажир,ранен,виновен
538,492,пассажир,цел,виновен
538,919,пассажир,цел,виновен
538,1354,пешеход,цел,виновен
539,950,пассажир,ранен,невиновен
539,1961,пассажир,погиб,виновен
540,1338,пассажир,ранен,невиновен
540,1718,пассажир,цел,невиновен
540,996,пассажир,погиб,невиновен
540,806,пассажир,погиб,виновен
541,1266,пассажир,цел,невиновен
541,892,пассажир,цел,виновен
541,1173,пешеход,ранен,виновен
543,723,пассажир,ранен,невиновен
543,1941,пассажир,погиб,виновен
544,222,пассажир,ранен,невиновен
545,1119,пассажир,погиб,невиновен
545,1594,пассажир,погиб,виновен
545,1612,пассажир,цел,невиновен
545,836,пассажир,погиб,виновен
546,1929,пассажир,погиб,невиновен
546,1370,пассажир,погиб,виновен
546,596,пассажир,ранен,невиновен
546,1039,пассажир,погиб,виновен
547,914,пассажир,ранен,виновен
548,13,пассажир,цел,виновен
548,516,пешеход,ранен,виновен
550,1614,пассажир,ранен,виновен
551,260,пассажир,цел,невиновен
551,1288,пассажир,ранен,виновен
551,152,пассажир,погиб,виновен
552,749,пассажир,погиб,виновен
554,502,пассажир,ранен,виновен
555,685,пассажир,цел,невиновен
555,365,пассажир,погиб,невиновен
555,38,пассажир,цел,виновен
557,334,пассажир,погиб,невиновен
557,1295,пассажир,цел,невиновен
557,829,пешеход,ранен,невиновен
558,440,пассажир,ранен,невиновен
558,863,пассажир,цел,невиновен
558,1393,пассажир,ранен,невиновен
559,428,пешеход,ранен,невиновен
561,1152,пассажир,цел,виновен
561,1885,пассажир,цел,невиновен
561,1779,пассажир,ранен,виновен
562,449,пассажир,погиб,невиновен
562,185,пассажир,цел,невиновен
562,978,пассажир,погиб,невиновен
565,1376,пассажир,погиб,невиновен
566,859,пассажир,погиб,виновен
567,568,пешеход,цел,невиновен
568,1545,пассажир,цел,виновен
569,311,пассажир,ранен,невиновен
569,1543,пешеход,цел,невиновен
570,493,пассажир,цел,невиновен
570,1583,пассажир,погиб,виновен
570,596,пешеход,цел,виновен
572,1456,пассажир,ранен,невиновен
572,193,пассажир,погиб,невиновен
572,1769,пассажир,ранен,невиновен
573,301,пассажир,ранен,виновен
573,1108,пассажир,погиб,виновен
574,336,пассажир,погиб,невиновен
574,1889,пассажир,цел,невиновен
574,739,пассажир,погиб,невиновен
575,1838,пассажир,цел,невиновен
575,427,пассажир,погиб,невиновен
576,1962,пассажир,цел,виновен
576,1651,пассажир,погиб,невиновен
576,1766,пассажир,ранен,виновен
576,128,пассажир,погиб,виновен
577,750,пассажир,погиб,невиновен
577,404,пассажир,ранен,невиновен
577,615,пассажир,погиб,невиновен
578,612,пассажир,ранен,виновен
578,753,пассажир,цел,виновен
578,1281,пассажир,погиб,виновен
579,1067,пассажир,цел,невиновен
580,1806,пассажир,ранен,виновен
580,320,пассажир,погиб,виновен
580,1667,пассажир,погиб,виновен
580,407,пассажир,цел,виновен
581,1330,пассажир,погиб,виновен
581,1161,пассажир,ранен,виновен
581,1112,пассажир,цел,невиновен
582,1112,пассажир,ранен,виновен
582,1188,пассажир,ранен,виновен
583,958,пешеход,погиб,виновен
584,1958,пассажир,погиб,виновен
584,1721,пассажир,цел,виновен
585,1199,пассажир,ранен,виновен
585,1623,пассажир,цел,виновен
585,276,пассажир,цел,невиновен
586,192,пассажир,погиб,невиновен
587,1354,пассажир,ранен,невиновен
588,1887,пассажир,цел,виновен
589,501,пассажир,ранен,невиновен
590,491,пассажир,ранен,невиновен
593,1188,пассажир,цел,невиновен
594,716,пассажир,погиб,виновен
594,1366,пассажир,цел,виновен
594,1006,пассажир,цел,виновен
594,1208,пассажир,цел,виновен
595,1893,пассажир,цел,невиновен
595,1484,пассажир,погиб,виновен
596,373,пассажир,цел,невиновен
596,276,пассажир,погиб,невиновен
596,1726,пассажир,ранен,невиновен
597,266,пассажир,ранен,виновен
597,1474,пассажир,погиб,невиновен
600,93,пассажир,цел,невиновен
600,288,пассажир,цел,невиновен
601,95,пассажир,погиб,виновен
601,395,пассажир,цел,невиновен
602,695,пассажир,погиб,невиновен
603,1051,пассажир,цел,невиновен
603,378,пассажир,ранен,невиновен
603,412,пассажир,погиб,невиновен
604,187,пассажир,ранен,невиновен
605,1308,пассажир,цел,невиновен
606,1118,пассажир,цел,невиновен
606,1664,пассажир,цел,виновен
606,730,пассажир,цел,невиновен
607,758,пассажир,ранен,виновен
607,1201,пешеход,погиб,виновен
608,1518,пассажир,цел,виновен
608,1612,пассажир,цел,невиновен
609,526,пассажир,цел,невиновен
609,646,пассажир,цел,невиновен
611,1593,пассажир,цел,невиновен
611,628,пассажир,цел,виновен
611,873,пассажир,погиб,невиновен
612,455,пассажир,ранен,виновен
613,926,пассажир,цел,виновен
613,1935,пассажир,цел,невиновен
614,1317,пассажир,погиб,виновен
614,106,пассажир,погиб,невиновен
614,1326,пассажир,ранен,невиновен
615,1857,пассажир,погиб,виновен
615,1458,пассажир,ранен,невиновен
617,959,пассажир,ранен,невиновен
617,1705,пассажир,погиб,виновен
617,1769,пассажир,цел,невиновен
618,1860,пассажир,ранен,виновен
618,775,пассажир,погиб,виновен
619,1874,пассажир,ранен,невиновен
620,1972,пассажир,погиб,виновен
620,151,пассажир,ранен,невиновен
621,1694,пассажир,погиб,невиновен
622,728,пассажир,погиб,виновен
622,373,пассажир,погиб,невиновен
622,612,пассажир,ранен,виновен
623,1142,пассажир,ранен,невиновен
623,3,пассажир,цел,невиновен
623,1446,пассажир,цел,виновен
623,604,пассажир,ранен,невиновен
625,196,пассажир,ранен,невиновен
625,1413,пассажир,ранен,невиновен
627,44,пассажир,ранен,виновен
627,1332,пешеход,ранен,невиновен
628,1385,пассажир,ранен,виновен
628,344,пассажир,погиб,виновен
628,1575,пассажир,погиб,невиновен
628,1956,пассажир,погиб,виновен
629,1160,пассажир,цел,невиновен
630,1074,пассажир,цел,виновен
630,421,пешеход,погиб,виновен
631,417,пассажир,цел,невиновен
631,1022,пассажир,цел,невиновен
631,1286,пассажир,ранен,виновен
631,916,пассажир,погиб,невиновен
632,1984,пассажир,цел,виновен
632,1192,пассажир,цел,невиновен
632,942,пассажир,погиб,виновен
632,339,пассажир,ранен,невиновен
633,570,пассажир,ранен,виновен
634,156,пассажир,цел,виновен
634,269,пассажир,ранен,виновен
634,1361,пассажир,погиб,виновен
634,1254,пассажир,ранен,невиновен
635,814,пассажир,погиб,невиновен
635,932,пассажир,погиб,невиновен
635,1620,пассажир,погиб,невиновен
636,618,пассажир,погиб,невиновен
636,617,пассажир,погиб,виновен
637,1833,пассажир,погиб,невиновен
638,1263,пассажир,цел,невиновен
638,1095,пассажир,погиб,невиновен
639,2,пассажир,ранен,виновен
639,1347,пассажир,ранен,виновен
640,700,пассажир,погиб,виновен
640,608,пассажир,цел,невиновен
641,1336,пассажир,ранен,невиновен
642,1935,пассажир,ранен,невиновен
642,1934,пассажир,цел,невиновен
643,1308,пассажир,цел,невиновен
643,1326,пассажир,погиб,невиновен
643,1254,пассажир,ранен,невиновен
643,1482,пешеход,ранен,виновен
645,1331,пассажир,погиб,невиновен
646,1932,пассажир,цел,невиновен
646,1934,пассажир,ранен,невиновен
648,1169,пешеход,цел,невиновен
650,1390,пассажир,ранен,виновен
650,1456,пассажир,ранен,невиновен
651,1249,пассажир,цел,невиновен
652,1203,пассажир,цел,невиновен
652,1696,пассажир,цел,виновен
652,856,пассажир,ранен,виновен
652,1228,пассажир,погиб,невиновен
653,1726,пассажир,ранен,виновен
653,1447,пассажир,ранен,невиновен
654,832,пассажир,цел,виновен
654,183,пассажир,ранен,виновен
654,1619,пешеход,цел,виновен
656,558,пассажир,погиб,невиновен
656,857,пассажир,погиб,невиновен
657,1696,пассажир,погиб,виновен
657,71,пешеход,ранен,невиновен
658,380,пассажир,погиб,виновен
658,578,пассажир,цел,виновен
658,1789,пассажир,погиб,виновен
658,112,пассажир,цел,невиновен
659,1053,пассажир,ранен,невиновен
659,86,пассажир,ранен,виновен
662,187,пассажир,цел,виновен
663,83,пассажир,погиб,невиновен
663,501,пассажир,погиб,невиновен
664,785,пассажир,погиб,виновен
664,771,пассажир,погиб,невиновен
666,1266,пассажир,цел,невиновен
666,1574,пассажир,ранен,виновен
666,181,пассажир,погиб,виновен
668,1874,пассажир,цел,невиновен
668,894,пассажир,цел,виновен
668,969,пассажир,погиб,виновен
669,597,пассажир,погиб,невиновен
669,922,пассажир,ранен,виновен
670,691,пассажир,погиб,невиновен
670,1080,пешеход,цел,виновен
671,602,пассажир,погиб,виновен
672,509,пассажир,погиб,невиновен
672,1528,пассажир,погиб,виновен
672,1976,пассажир,погиб,виновен
673,1560,пассажир,погиб,невиновен
674,361,пассажир,цел,невиновен
674,1493,пассажир,ранен,виновен
674,1473,пешеход,цел,невиновен
675,1308,пассажир,цел,невиновен
677,1213,пассажир,ранен,виновен
677,268,пассажир,цел,невиновен
677,234,пассажир,погиб,невиновен
677,1167,пассажир,ранен,виновен
678,1253,пассажир,ранен,виновен
678,467,пассажир,ранен,невиновен
678,1673,пассажир,цел,невиновен
678,949,пассажир,ранен,виновен
679,3,пассажир,ранен,невиновен
679,98,пассажир,погиб,невиновен
680,1418,пассажир,ранен,виновен
680,1951,пешеход,погиб,невиновен
681,33,пассажир,цел,невиновен
683,1294,пассажир,ранен,невиновен
683,1001,пассажир,ранен,виновен
683,170,пассажир,погиб,невиновен
683,1120,пассажир,погиб,виновен
686,1896,пассажир,цел,невиновен
686,409,пешеход,ранен,виновен
687,1286,пассажир,цел,невиновен
687,1355,пассажир,цел,виновен
687,288,пассажир,ранен,виновен
687,570,пассажир,ранен,невиновен
688,680,пассажир,цел,виновен
690,1708,пассажир,ранен,невиновен
691,1306,пассажир,ранен,виновен
691,1780,пассажир,цел,виновен
692,1937,пассажир,цел,невиновен
692,1022,пассажир,погиб,виновен
692,1619,пассажир,погиб,виновен
693,1862,пассажир,цел,невиновен
693,848,пассажир,ранен,невиновен
693,713,пассажир,цел,невиновен
694,112,пассажир,ранен,невиновен
694,1878,пассажир,погиб,невиновен
694,885,пассажир,цел,виновен
694,1112,пешеход,погиб,невиновен
695,394,пассажир,ранен,невиновен
695,1414,пассажир,погиб,виновен
695,1002,пассажир,ранен,виновен
696,1056,пассажир,ранен,виновен
696,1819,пассажир,цел,невиновен
698,730,пассажир,погиб,виновен
698,823,пассажир,погиб,невиновен
698,1819,пассажир,погиб,виновен
699,1284,пассажир,погиб,невиновен
700,265,пассажир,цел,виновен
701,1181,пассажир,цел,виновен
701,1381,пешеход,ранен,виновен
702,1934,пассажир,погиб,виновен
702,1711,пассажир,погиб,виновен
703,1426,пассажир,ранен,виновен
703,616,пассажир,погиб,невиновен
703,1618,пассажир,погиб,невиновен
703,885,пешеход,погиб,виновен
704,900,пассажир,цел,невиновен
704,385,пассажир,ранен,невиновен
704,651,пассажир,ранен,невиновен
704,1403,пассажир,цел,невиновен
705,960,пассажир,цел,невиновен
705,1135,пассажир,цел,невиновен
705,1499,пассажир,цел,невиновен
706,1523,пассажир,погиб,невиновен
706,894,пассажир,цел,виновен
707,973,пассажир,цел,виновен
707,1488,пассажир,ранен,виновен
708,1423,пассажир,ранен,невиновен
710,468,пассажир,погиб,невиновен
710,555,пассажир,цел,невиновен
711,19,пассажир,цел,невиновен
711,1432,пассажир,цел,виновен
711,1144,пассажир,погиб,виновен
712,1967,пассажир,погиб,виновен
712,824,пассажир,цел,невиновен
712,1808,пассажир,ранен,невиновен
713,1508,пассажир,погиб,невиновен
715,1179,пешеход,ранен,невиновен
716,1629,пассажир,ранен,виновен
717,1309,пассажир,погиб,невиновен
718,1535,пассажир,погиб,невиновен
718,955,пассажир,ранен,невиновен
720,1035,пассажир,погиб,виновен
720,1741,пассажир,погиб,невиновен
720,302,пассажир,погиб,невиновен
721,1446,пассажир,цел,виновен
721,414,пассажир,цел,невиновен
721,1522,пассажир,ранен,виновен
721,1403,пассажир,ранен,невиновен
722,1659,пассажир,цел,невиновен
722,904,пассажир,погиб,невиновен
722,1117,пассажир,цел,виновен
722,1903,пассажир,цел,виновен
723,291,пассажир,погиб,невиновен
723,1861,пассажир,погиб,невиновен
723,1401,пассажир,погиб,виновен
725,1234,пассажир,ранен,невиновен
725,169,пассажир,цел,невиновен
725,341,пассажир,цел,невиновен
726,1885,пассажир,погиб,невиновен
726,1590,пассажир,погиб,виновен
726,1452,пассажир,погиб,невиновен
728,467,пассажир,ранен,виновен
728,1306,пассажир,цел,виновен
728,1045,пассажир,ранен,невиновен
728,1253,пешеход,погиб,виновен
729,1434,пешеход,погиб,виновен
730,165,пассажир,цел,виновен
730,1652,пассажир,ранен,виновен
730,1740,пассажир,ранен,виновен
731,1092,пассажир,ранен,невиновен
731,502,пассажир,ранен,невиновен
731,1453,пассажир,цел,виновен
731,1803,пассажир,ранен,виновен
732,100,пассажир,погиб,виновен
732,945,пассажир,погиб,виновен
732,162,пассажир,погиб,виновен
733,1652,пассажир,цел,невиновен
733,490,пассажир,ранен,невиновен
733,210,пассажир,цел,виновен
733,1393,пассажир,ранен,виновен
734,607,пассажир,погиб,невиновен
734,25,пассажир,ранен,виновен
734,1548,пассажир,ранен,виновен
735,1162,пассажир,цел,виновен
736,1664,пассажир,ранен,виновен
736,591,пассажир,цел,невиновен
737,795,пассажир,ранен,невиновен
737,1243,пассажир,ранен,виновен
737,1557,пассажир,погиб,невиновен
738,381,пассажир,ранен,виновен
738,1926,пассажир,ранен,невиновен
738,18,пассажир,погиб,виновен
738,99,пешеход,цел,виновен
739,543,пассажир,цел,виновен
739,1875,пешеход,ранен,невиновен
740,1814,пассажир,погиб,виновен
740,910,пассажир,ранен,невиновен
740,913,пассажир,ранен,невиновен
741,400,пассажир,ранен,виновен
741,767,пассажир,цел,виновен
741,1093,пешеход,цел,невиновен
743,523,пассажир,погиб,невиновен
743,1727,пешеход,цел,виновен
744,1634,пассажир,ранен,невиновен
744,894,пассажир,ранен,виновен
746,1306,пассажир,ранен,виновен
747,235,пассажир,погиб,невиновен
749,783,пассажир,ранен,виновен
749,1122,пассажир,ранен,невиновен
750,6,пассажир,ранен,виновен
750,1404,пешеход,цел,невиновен
751,448,пассажир,ранен,невиновен
751,57,пешеход,ранен,виновен
752,107,пассажир,ранен,невиновен
752,555,пассажир,погиб,виновен
752,893,пассажир,цел,невиновен
753,1875,пассажир,цел,виновен
754,110,пассажир,погиб,виновен
755,91,пассажир,цел,невиновен
756,1596,пассажир,ранен,виновен
756,1338,пассажир,погиб,виновен
756,1663,пассажир,цел,невиновен
756,921,пассажир,погиб,виновен
757,200,пассажир,погиб,виновен
757,1020,пассажир,ранен,невиновен
757,601,пассажир,ранен,виновен
758,392,пассажир,цел,невиновен
759,1148,пассажир,ранен,виновен
759,535,пассажир,ранен,виновен
760,1142,пассажир,погиб,виновен
760,653,пешеход,цел,невиновен
761,884,пассажир,цел,виновен
761,1444,пешеход,цел,невиновен
762,134,пассажир,цел,виновен
762,1598,пассажир,погиб,невиновен
763,1125,пассажир,ранен,невиновен
763,502,пассажир,ранен,невиновен
764,1515,пешеход,ранен,невиновен
766,587,пассажир,ранен,невиновен
767,214,пассажир,погиб,невиновен
768,443,пассажир,цел,невиновен
768,1691,пассажир,погиб,виновен
768,1148,пассажир,погиб,виновен
768,362,пассажир,погиб,виновен
769,1373,пассажир,цел,невиновен
771,120,пассажир,цел,виновен
772,971,пассажир,ранен,невиновен
774,381,пассажир,погиб,невиновен
775,604,пассажир,ранен,виновен
775,920,пассажир,погиб,невиновен
775,1700,пассажир,погиб,невиновен
776,459,пассажир,ранен,виновен
776,1962,пассажир,погиб,виновен
777,580,пассажир,погиб,виновен
778,301,пассажир,ранен,невиновен
778,556,пассажир,ранен,невиновен
778,623,пассажир,ранен,виновен
780,901,пассажир,цел,невиновен
781,1548,пассажир,цел,невиновен
781,1133,пассажир,цел,виновен
781,9,пассажир,цел,виновен
782,848,пассажир,погиб,невиновен
784,875,пассажир,погиб,виновен
784,1757,пассажир,погиб,виновен
784,905,пешеход,ранен,невиновен
785,1599,пассажир,погиб,виновен
786,1426,пассажир,цел,виновен
786,395,пассажир,цел,невиновен
787,1865,пассажир,погиб,невиновен
787,856,пассажир,ранен,виновен
788,1837,пассажир,цел,виновен
791,1173,пассажир,цел,виновен
791,124,пассажир,цел,невиновен
791,369,пассажир,ранен,виновен
792,164,пассажир,цел,невиновен
795,1926,пассажир,цел,виновен
795,1543,пассажир,цел,виновен
795,1328,пассажир,цел,невиновен
795,347,пассажир,цел,виновен
796,483,пассажир,ранен,невиновен
796,1727,пассажир,ранен,невиновен
797,1117,пассажир,ранен,виновен
797,1288,пассажир,цел,виновен
797,910,пассажир,погиб,виновен
798,1447,пассажир,погиб,невиновен
798,1574,пассажир,ранен,виновен
798,54,пассажир,цел,невиновен
799,1573,пассажир,ранен,невиновен
799,1149,пассажир,цел,невиновен
800,793,пассажир,цел,невиновен
800,1025,пассажир,цел,невиновен
800,268,пассажир,погиб,невиновен
800,1795,пассажир,погиб,виновен
802,243,пассажир,цел,виновен
802,278,пассажир,ранен,виновен
803,1678,пассажир,ранен,виновен
803,404,пассажир,ранен,виновен
805,914,пассажир,ранен,виновен
805,117,пассажир,цел,виновен
805,465,пассажир,погиб,виновен
806,701,пассажир,погиб,виновен
806,1513,пассажир,погиб,невиновен
806,912,пассажир,ранен,виновен
807,1815,пассажир,цел,виновен
807,825,пассажир,цел,невиновен
807,1942,пешеход,погиб,виновен
808,1230,пассажир,цел,невиновен
808,532,пассажир,ранен,виновен
808,99,пассажир,цел,виновен
809,1214,пассажир,цел,невиновен
809,936,пассажир,погиб,виновен
809,57,пассажир,ранен,невиновен
809,541,пассажир,погиб,виновен
811,1110,пассажир,погиб,виновен
811,1886,пассажир,погиб,невиновен
812,1492,пассажир,ранен,невиновен
812,464,пассажир,ранен,невиновен
812,44,пассажир,цел,невиновен
812,1125,пассажир,ранен,невиновен
813,1059,пассажир,ранен,невиновен
813,1813,пассажир,цел,виновен
814,674,пешеход,погиб,невиновен
815,419,пассажир,цел,невиновен
815,949,пассажир,погиб,виновен
815,659,пешеход,ранен,виновен
816,1047,пассажир,цел,невиновен
817,475,пассажир,погиб,виновен
817,1634,пассажир,ранен,невиновен
817,426,пассажир,погиб,невиновен
818,638,пассажир,цел,невиновен
818,1359,пассажир,погиб,виновен
818,1652,пешеход,ранен,невиновен
819,267,пассажир,ранен,виновен
819,1932,пешеход,ранен,невиновен
820,1815,пассажир,погиб,виновен
821,800,пассажир,ранен,виновен
822,1556,пассажир,погиб,невиновен
823,500,пассажир,погиб,виновен
823,1780,пассажир,ранен,виновен
823,1755,пассажир,цел,невиновен
824,1812,пассажир,ранен,виновен
824,666,пассажир,цел,виновен
824,646,пассажир,погиб,невиновен
824,1713,пассажир,погиб,невиновен
825,860,пассажир,погиб,невиновен
826,1224,пассажир,цел,невиновен
826,1898,пассажир,ранен,невиновен
826,561,пассажир,цел,виновен
826,60,пешеход,погиб,невиновен
827,1473,пассажир,ранен,невиновен
827,1707,пассажир,цел,виновен
827,469,пассажир,ранен,виновен
827,1714,пассажир,погиб,виновен
828,944,пассажир,погиб,виновен
828,986,пассажир,ранен,невиновен
828,139,пассажир,ранен,невиновен
829,361,пассажир,ранен,виновен
829,1368,пассажир,погиб,виновен
830,793,пассажир,погиб,невиновен
830,1584,пассажир,цел,невиновен
830,1971,пассажир,ранен,невиновен
830,71,пешеход,цел,виновен
831,1103,пассажир,погиб,невиновен
831,1409,пассажир,погиб,невиновен
832,1322,пассажир,погиб,невиновен
833,153,пассажир,ранен,виновен
833,1266,пассажир,погиб,невиновен
834,491,пассажир,цел,виновен
834,269,пассажир,цел,виновен
834,1522,пассажир,ранен,невиновен
835,1429,пассажир,цел,невиновен
835,606,пассажир,погиб,виновен
835,69,пассажир,цел,виновен
836,995,пассажир,ранен,виновен
836,755,пассажир,цел,невиновен
837,419,пассажир,цел,невиновен
837,1132,пассажир,ранен,невиновен
837,1325,пассажир,цел,виновен
837,490,пассажир,погиб,виновен
839,901,пассажир,цел,невиновен
839,596,пассажир,ранен,виновен
840,1635,пассажир,ранен,виновен
840,1493,пассажир,погиб,виновен
841,165,пассажир,ранен,виновен
841,1848,пешеход,цел,невиновен
842,912,пешеход,цел,виновен
843,1862,пассажир,ранен,невиновен
844,1545,пассажир,погиб,невиновен
845,1197,пассажир,цел,невиновен
845,1770,пешеход,цел,невиновен
846,1850,пассажир,погиб,невиновен
847,1896,пассажир,цел,виновен
848,4,пешеход,ранен,виновен
850,210,пассажир,цел,невиновен
850,1000,пассажир,цел,виновен
850,938,пассажир,погиб,виновен
851,33,пассажир,погиб,виновен
851,139,пассажир,погиб,виновен
852,1676,пассажир,цел,виновен
852,1246,пассажир,ранен,невиновен
853,636,пассажир,погиб,виновен
855,1032,пассажир,погиб,невиновен
856,1250,пассажир,погиб,виновен
856,856,пассажир,ранен,виновен
856,285,пешеход,ранен,виновен
857,815,пассажир,погиб,виновен
858,1674,пассажир,цел,невиновен
858,880,пассажир,ранен,невиновен
858,1490,пешеход,цел,виновен
859,265,пассажир,цел,невиновен
860,1034,пассажир,ранен,виновен
860,537,пассажир,ранен,невиновен
860,149,пассажир,цел,невиновен
861,526,пассажир,цел,виновен
861,4,пассажир,цел,виновен
861,1712,пассажир,погиб,виновен
861,696,пассажир,погиб,виновен
862,683,пассажир,погиб,невиновен
862,1387,пассажир,ранен,виновен
863,1365,пассажир,цел,виновен
863,1027,пешеход,ранен,невиновен
864,1813,пассажир,погиб,виновен
864,1444,пассажир,цел,виновен
864,788,пассажир,цел,невиновен
865,75,пешеход,цел,виновен
866,1354,пассажир,ранен,невиновен
867,1945,пассажир,погиб,невиновен
867,1655,пассажир,цел,невиновен
868,1418,пассажир,ранен,невиновен
868,134,пассажир,ранен,виновен
868,109,пассажир,ранен,невиновен
868,893,пассажир,цел,невиновен
869,347,пассажир,цел,невиновен
870,480,пассажир,ранен,невиновен
870,179,пассажир,цел,невиновен
871,1803,пассажир,цел,виновен
871,1468,пассажир,цел,виновен
871,899,пассажир,цел,невиновен
871,51,пассажир,цел,виновен
872,954,пассажир,погиб,невиновен
873,413,пассажир,цел,виновен
874,917,пассажир,ранен,виновен
874,231,пассажир,цел,виновен
874,1018,пассажир,цел,виновен
875,1236,пассажир,цел,невиновен
875,383,пассажир,цел,невиновен
876,17,пешеход,погиб,невиновен
877,567,пассажир,цел,виновен
877,1824,пассажир,цел,виновен
877,1215,пассажир,цел,виновен
877,4,пассажир,ранен,невиновен
878,705,пешеход,погиб,невиновен
879,1510,пассажир,цел,виновен
879,1495,пассажир,погиб,невиновен
880,1189,пассажир,погиб,невиновен
880,1224,пешеход,цел,виновен
881,912,пассажир,погиб,виновен
881,188,пассажир,цел,виновен
881,972,пассажир,погиб,виновен
881,1220,пассажир,цел,виновен
882,1593,пассажир,цел,невиновен
883,587,пассажир,ранен,виновен
883,164,пассажир,погиб,виновен
886,1116,пассажир,погиб,невиновен
886,1701,пассажир,цел,невиновен
886,1553,пассажир,цел,виновен
887,995,пассажир,цел,невиновен
887,1024,пассажир,ранен,виновен
887,746,пассажир,цел,невиновен
889,1748,пассажир,ранен,невиновен
889,64,пассажир,ранен,виновен
889,1663,пассажир,погиб,невиновен
890,1769,пассажир,ранен,виновен
890,99,пассажир,цел,виновен
890,1173,пассажир,цел,виновен
891,1531,пассажир,ранен,виновен
891,601,пассажир,цел,виновен
891,188,пешеход,ранен,виновен
892,1790,пассажир,погиб,виновен
893,6,пассажир,цел,виновен
894,1837,пассажир,ранен,виновен
896,1494,пассажир,цел,невиновен
896,261,пассажир,цел,виновен
897,1732,пассажир,ранен,виновен
897,359,пассажир,ранен,невиновен
897,335,пассажир,цел,невиновен
897,1721,пешеход,погиб,невиновен
899,326,пассажир,цел,невиновен
900,383,пассажир,погиб,виновен
900,250,пешеход,ранен,виновен
901,1163,пассажир,погиб,виновен
901,1732,пассажир,ранен,невиновен
902,1132,пассажир,цел,виновен
903,1450,пассажир,ранен,виновен
903,1149,пассажир,ранен,виновен
903,1212,пассажир,цел,виновен
903,1928,пассажир,цел,виновен
904,134,пассажир,цел,невиновен
905,117,пассажир,цел,виновен
905,311,пассажир,цел,невиновен
906,165,пассажир,погиб,виновен
906,1344,пассажир,погиб,невиновен
906,340,пассажир,цел,невиновен
907,104,пассажир,погиб,невиновен
907,544,пассажир,цел,невиновен
907,1906,пассажир,ранен,невиновен
909,843,пассажир,погиб,виновен
909,1719,пешеход,ранен,виновен
910,187,пассажир,цел,виновен
910,326,пешеход,цел,виновен
911,881,пассажир,ранен,виновен
912,1760,пассажир,погиб,невиновен
912,285,пешеход,погиб,виновен
913,415,пассажир,погиб,виновен
915,520,пассажир,погиб,виновен
915,1854,пассажир,ранен,виновен
918,1366,пассажир,ранен,невиновен
918,1161,пешеход,ранен,невиновен
919,1457,пассажир,цел,виновен
920,755,пешеход,ранен,виновен
921,1623,пассажир,ранен,виновен
921,587,пассажир,ранен,невиновен
921,1903,пассажир,ранен,невиновен
921,502,пассажир,погиб,невиновен
922,93,пассажир,погиб,виновен
922,323,пассажир,ранен,невиновен
922,759,пешеход,погиб,виновен
923,1936,пассажир,погиб,невиновен
923,1860,пассажир,цел,виновен
924,1418,пассажир,погиб,невиновен
924,659,пассажир,ранен,невиновен
924,1218,пассажир,цел,виновен
925,527,пассажир,цел,невиновен
925,66,пассажир,ранен,виновен
927,1862,пассажир,ранен,виновен
927,266,пассажир,цел,невиновен
928,1299,пассажир,цел,виновен
928,1272,пассажир,цел,невиновен
929,1093,пассажир,цел,невиновен
930,1733,пассажир,цел,невиновен
931,430,пассажир,ранен,виновен
931,432,пешеход,погиб,виновен
932,892,пассажир,погиб,виновен
932,1924,пассажир,ранен,невиновен
933,1937,пассажир,погиб,виновен
933,632,пассажир,ранен,виновен
933,352,пассажир,цел,невиновен
933,1970,пассажир,цел,виновен
934,322,пассажир,ранен,виновен
934,1158,пассажир,погиб,виновен
934,457,пассажир,цел,виновен
936,1033,пассажир,погиб,виновен
936,343,пассажир,цел,виновен
936,1173,пассажир,цел,невиновен
937,1522,пассажир,погиб,невиновен
937,658,пассажир,цел,виновен
939,1907,пассажир,погиб,виновен
940,1964,пешеход,ранен,виновен
941,1261,пассажир,ранен,виновен
941,829,пассажир,цел,виновен
945,855,пассажир,ранен,невиновен
945,1208,пешеход,погиб,виновен
946,224,пассажир,погиб,виновен
946,628,пассажир,ранен,невиновен
946,537,пассажир,ранен,виновен
946,1842,пешеход,цел,виновен
947,516,пассажир,погиб,виновен
947,631,пассажир,погиб,невиновен
947,297,пассажир,цел,виновен
948,281,пассажир,погиб,виновен
949,57,пассажир,ранен,невиновен
950,543,пассажир,ранен,невиновен
950,1316,пассажир,погиб,невиновен
951,120,пассажир,погиб,виновен
951,1098,пассажир,ранен,невиновен
952,864,пассажир,ранен,виновен
953,1755,пассажир,цел,виновен
953,795,пассажир,погиб,невиновен
954,1820,пешеход,погиб,невиновен
955,1026,пассажир,ранен,невиновен
955,620,пешеход,погиб,виновен
957,1387,пассажир,ранен,невиновен
957,91,пассажир,цел,невиновен
958,824,пассажир,ранен,виновен
959,852,пассажир,погиб,виновен
959,1093,пассажир,погиб,виновен
959,1133,пассажир,цел,невиновен
959,469,пассажир,ранен,невиновен
963,721,пассажир,ранен,виновен
964,1662,пассажир,ранен,невиновен
964,956,пешеход,цел,невиновен
965,960,пассажир,погиб,виновен
966,1187,пассажир,цел,виновен
966,1540,пешеход,цел,невиновен
967,1212,пассажир,ранен,виновен
967,263,пассажир,цел,виновен
968,553,пассажир,погиб,виновен
968,430,пассажир,цел,невиновен
969,472,пассажир,цел,виновен
969,1679,пассажир,погиб,виновен
969,581,пешеход,погиб,виновен
970,359,пассажир,ранен,виновен
971,634,пассажир,погиб,невиновен
971,207,пассажир,ранен,виновен
971,658,пассажир,цел,виновен
971,1492,пассажир,погиб,невиновен
972,1291,пассажир,цел,виновен
972,1916,пассажир,цел,виновен
972,608,пешеход,ранен,невиновен
973,435,пассажир,цел,виновен
973,599,пассажир,ранен,виновен
973,657,пассажир,цел,невиновен
974,1515,пассажир,ранен,виновен
974,225,пассажир,цел,виновен
975,323,пассажир,погиб,невиновен
975,1807,пассажир,ранен,невиновен
976,282,пассажир,цел,виновен
976,1870,пешеход,цел,невиновен
977,1299,пассажир,цел,виновен
977,1328,пассажир,ранен,виновен
978,957,пассажир,ранен,невиновен
978,850,пешеход,погиб,невиновен
979,709,пассажир,ранен,невиновен
979,1633,пассажир,погиб,невиновен
980,760,пассажир,ранен,невиновен
980,1755,пассажир,ранен,виновен
981,341,пассажир,ранен,невиновен
981,1515,пассажир,цел,виновен
982,612,пассажир,погиб,виновен
982,1018,пешеход,ранен,невиновен
983,1505,пассажир,цел,виновен
983,1442,пассажир,цел,виновен
983,269,пешеход,погиб,невиновен
984,1081,пассажир,цел,виновен
984,556,пассажир,ранен,невиновен
984,134,пассажир,ранен,невиновен
984,627,пешеход,цел,невиновен
985,1526,пассажир,цел,невиновен
985,1848,пассажир,погиб,виновен
985,1178,пассажир,погиб,невиновен
986,103,пассажир,погиб,виновен
986,995,пассажир,цел,виновен
986,1174,пассажир,ранен,виновен
987,51,пассажир,цел,виновен
987,1145,пассажир,погиб,виновен
987,1894,пассажир,ранен,невиновен
988,258,пассажир,цел,невиновен
988,91,пассажир,погиб,невиновен
988,992,пассажир,ранен,виновен
988,818,пассажир,цел,невиновен
990,582,пассажир,погиб,невиновен
990,79,пассажир,погиб,невиновен
990,627,пешеход,ранен,виновен
991,1076,пассажир,цел,невиновен
993,1877,пассажир,цел,невиновен
993,905,пассажир,цел,виновен
993,1548,пассажир,погиб,виновен
993,1366,пассажир,цел,виновен
994,1125,пассажир,погиб,виновен
994,568,пассажир,цел,невиновен
994,1613,пассажир,ранен,невиновен
995,1593,пассажир,погиб,невиновен
996,1617,пассажир,ранен,виновен
996,623,пассажир,цел,невиновен
996,1332,пассажир,ранен,виновен
997,893,пассажир,ранен,невиновен
997,10,пассажир,ранен,виновен
997,1615,пассажир,погиб,невиновен
997,1044,пешеход,цел,виновен
999,1591,пассажир,ранен,невиновен
999,1220,пешеход,ранен,виновен
1000,818,пассажир,ранен,невиновен
