id_participant,id_person,id_ts,state_health,type_participant
1,870,1761,ранен,водитель
2,918,598,ранен,водитель
3,1984,NULL,цел,пассажир
4,1243,NULL,ранен,пассажир
5,1263,NULL,погиб,пассажир
6,1472,1175,цел,водитель
7,902,NULL,ранен,пассажир
8,1442,1492,цел,водитель
9,1783,213,ранен,водитель
10,1159,624,ранен,кучер
11,1431,1134,ранен,водитель
12,468,1673,цел,водитель
13,149,NULL,ранен,пассажир
14,1702,NULL,погиб,пассажир
15,1249,NULL,ранен,пешеход
16,587,676,цел,водитель
17,564,NULL,цел,пешеход
18,1242,1722,погиб,велосипедист
19,404,1104,погиб,водитель
20,1327,76,ранен,водитель
21,1676,NULL,цел,пассажир
22,223,NULL,погиб,пассажир
23,368,NULL,ранен,пешеход
24,1225,446,цел,водитель
25,1881,NULL,ранен,пассажир
26,1406,NULL,цел,пассажир
27,707,1489,цел,водитель
28,1822,NULL,цел,пассажир
29,1626,NULL,ранен,пассажир
30,477,NULL,погиб,пассажир
31,572,795,погиб,водитель
32,1380,NULL,цел,пассажир
33,63,NULL,погиб,пассажир
34,50,NULL,погиб,пассажир
35,955,NULL,ранен,пассажир
36,899,1763,цел,водитель
37,720,774,ранен,водитель
38,1671,1642,погиб,велосипедист
39,960,1147,цел,водитель
40,880,NULL,погиб,пассажир
41,834,NULL,цел,пассажир
42,1458,NULL,погиб,пассажир
43,1441,NULL,цел,пассажир
44,913,1067,цел,водитель
45,37,312,погиб,велосипедист
46,738,1771,погиб,водитель
47,857,NULL,цел,пассажир
48,445,NULL,ранен,пассажир
49,768,NULL,ранен,пассажир
50,895,NULL,ранен,пассажир
51,280,1691,погиб,водитель
52,394,515,цел,водитель
53,369,1984,цел,кучер
54,1737,659,погиб,водитель
55,1843,NULL,цел,пассажир
56,603,NULL,погиб,пассажир
57,713,NULL,цел,пассажир
58,1806,NULL,ранен,пассажир
59,1298,1571,ранен,водитель
60,484,1568,ранен,водитель
61,134,22,цел,водитель
62,329,573,погиб,кучер
63,1195,1785,погиб,водитель
64,1346,NULL,погиб,пассажир
65,1014,NULL,погиб,пассажир
66,482,589,погиб,велосипедист
67,1396,47,цел,кучер
68,1879,80,погиб,водитель
69,20,NULL,ранен,пассажир
70,1229,NULL,ранен,пассажир
71,984,808,цел,кучер
72,944,132,погиб,водитель
73,1075,NULL,цел,пассажир
74,355,NULL,погиб,пассажир
75,101,NULL,ранен,пассажир
76,502,NULL,погиб,пассажир
77,85,782,ранен,водитель
78,1670,1261,цел,водитель
79,584,NULL,ранен,пассажир
80,1582,NULL,ранен,пассажир
81,1744,1053,цел,водитель
82,111,NULL,цел,пассажир
83,1525,NULL,погиб,пассажир
84,674,NULL,погиб,пассажир
85,183,1756,погиб,водитель
86,1098,NULL,цел,пассажир
87,513,NULL,ранен,пассажир
88,46,NULL,цел,пассажир
89,201,1730,погиб,велосипедист
90,831,90,ранен,водитель
91,43,NULL,ранен,пассажир
92,607,NULL,цел,пассажир
93,1790,NULL,ранен,пассажир
94,1956,NULL,цел,пешеход
95,682,140,цел,водитель
96,1636,1881,ранен,водитель
97,898,NULL,цел,пассажир
98,1666,130,цел,водитель
99,1187,1303,погиб,водитель
100,1366,NULL,ранен,пассажир
101,704,NULL,цел,пассажир
102,1002,1743,ранен,водитель
103,690,NULL,цел,пассажир
104,131,NULL,погиб,пассажир
105,22,NULL,ранен,пешеход
106,420,1138,цел,водитель
107,271,NULL,ранен,пассажир
108,133,NULL,цел,пассажир
109,1369,606,ранен,водитель
110,1352,NULL,ранен,пассажир
111,107,NULL,ранен,пассажир
112,1680,574,ранен,велосипедист
113,322,1450,ранен,водитель
114,460,1992,ранен,водитель
115,1390,NULL,ранен,пассажир
116,6,NULL,погиб,пассажир
117,1059,NULL,цел,пешеход
118,1024,259,погиб,водитель
119,1568,NULL,погиб,пассажир
120,1454,NULL,ранен,пассажир
121,1355,NULL,цел,пассажир
122,1686,NULL,погиб,пассажир
123,1657,1863,погиб,водитель
124,1951,NULL,ранен,пассажир
125,211,NULL,ранен,пассажир
126,1423,NULL,погиб,пешеход
127,1371,1978,погиб,водитель
128,1455,NULL,погиб,пассажир
129,598,NULL,ранен,пассажир
130,893,NULL,ранен,пассажир
131,780,1269,погиб,водитель
132,994,NULL,погиб,пассажир
133,894,NULL,ранен,пассажир
134,1843,1813,погиб,водитель
135,644,NULL,ранен,пассажир
136,1294,NULL,ранен,пассажир
137,602,1226,ранен,водитель
138,702,NULL,ранен,пассажир
139,360,NULL,погиб,пассажир
140,72,NULL,цел,пассажир
141,577,1553,погиб,водитель
142,283,1255,погиб,водитель
143,1606,NULL,цел,пассажир
144,636,NULL,цел,пассажир
145,637,515,ранен,водитель
146,264,NULL,ранен,пассажир
147,412,NULL,погиб,пассажир
148,1292,858,цел,водитель
149,616,NULL,погиб,пассажир
150,629,1592,ранен,велосипедист
151,1152,178,цел,кучер
152,166,436,цел,водитель
153,1673,NULL,ранен,пассажир
154,758,NULL,ранен,пассажир
155,344,NULL,погиб,пассажир
156,59,1380,ранен,водитель
157,1454,NULL,ранен,пассажир
158,1232,NULL,цел,пассажир
159,1112,888,погиб,водитель
160,1549,NULL,цел,пассажир
161,1088,NULL,ранен,пассажир
162,1313,NULL,погиб,пассажир
163,230,1824,ранен,водитель
164,1111,919,цел,водитель
165,614,796,погиб,водитель
166,57,1965,цел,водитель
167,1694,NULL,погиб,пассажир
168,126,NULL,цел,пассажир
169,1091,NULL,погиб,пассажир
170,748,1937,цел,водитель
171,179,1803,погиб,водитель
172,686,NULL,ранен,пассажир
173,668,1057,цел,водитель
174,1084,NULL,погиб,пассажир
175,1709,NULL,ранен,пассажир
176,1029,951,цел,водитель
177,1419,NULL,цел,пассажир
178,1885,NULL,ранен,пассажир
179,1592,NULL,погиб,пешеход
180,316,563,цел,водитель
181,894,1939,погиб,водитель
182,1551,NULL,ранен,пассажир
183,1825,NULL,ранен,пассажир
184,229,1884,погиб,водитель
185,42,1658,погиб,водитель
186,103,NULL,погиб,пассажир
187,845,NULL,цел,пассажир
188,1446,1285,погиб,водитель
189,1353,NULL,ранен,пассажир
190,1065,NULL,погиб,пассажир
191,1742,NULL,цел,пешеход
192,1415,209,цел,водитель
193,1989,709,погиб,водитель
194,506,696,погиб,водитель
195,1720,567,погиб,водитель
196,1071,NULL,цел,пассажир
197,1349,NULL,погиб,пассажир
198,719,857,цел,велосипедист
199,1199,1868,ранен,водитель
200,548,NULL,ранен,пассажир
201,1845,21,погиб,водитель
202,1020,NULL,погиб,пассажир
203,655,NULL,ранен,пассажир
204,1430,NULL,цел,пассажир
205,1509,NULL,ранен,пассажир
206,398,1009,ранен,водитель
207,1312,NULL,цел,пассажир
208,384,110,погиб,водитель
209,1510,NULL,погиб,пассажир
210,76,1907,ранен,водитель
211,1381,NULL,ранен,пассажир
212,1498,NULL,погиб,пешеход
213,1703,688,ранен,водитель
214,1227,NULL,ранен,пассажир
215,704,1592,погиб,велосипедист
216,1795,737,погиб,водитель
217,1688,NULL,ранен,пассажир
218,1611,NULL,цел,пассажир
219,1331,1873,цел,водитель
220,1172,NULL,погиб,пассажир
221,601,NULL,ранен,пассажир
222,726,NULL,цел,пассажир
223,271,NULL,ранен,пассажир
224,1257,481,ранен,водитель
225,968,1545,цел,велосипедист
226,72,1936,ранен,водитель
227,1324,NULL,ранен,пассажир
228,1882,1825,цел,водитель
229,352,NULL,цел,пассажир
230,976,NULL,погиб,пассажир
231,1188,NULL,погиб,пешеход
232,1440,1082,погиб,водитель
233,678,NULL,погиб,пассажир
234,604,NULL,цел,пассажир
235,1804,NULL,ранен,пассажир
236,1270,NULL,ранен,пассажир
237,324,1065,погиб,водитель
238,644,NULL,цел,пассажир
239,243,NULL,цел,пассажир
240,769,NULL,ранен,пассажир
241,668,401,цел,водитель
242,1639,NULL,погиб,пассажир
243,1338,1021,ранен,велосипедист
244,1952,1767,цел,водитель
245,367,NULL,цел,пассажир
246,1368,1754,ранен,водитель
247,480,256,цел,водитель
248,239,608,погиб,водитель
249,1816,NULL,цел,пассажир
250,562,1906,цел,велосипедист
251,1185,1012,цел,водитель
252,1269,NULL,ранен,пассажир
253,1139,NULL,погиб,пассажир
254,1833,NULL,погиб,пассажир
255,1253,NULL,цел,пассажир
256,1991,725,цел,водитель
257,1420,NULL,ранен,пассажир
258,1233,NULL,цел,пассажир
259,1704,388,ранен,водитель
260,525,NULL,погиб,пассажир
261,544,533,погиб,водитель
262,1356,866,ранен,велосипедист
263,692,129,ранен,водитель
264,1627,NULL,ранен,пассажир
265,1332,NULL,погиб,пассажир
266,1064,1556,ранен,водитель
267,337,NULL,погиб,пассажир
268,1369,1954,погиб,водитель
269,1068,NULL,цел,пассажир
270,843,NULL,погиб,пассажир
271,1262,913,ранен,велосипедист
272,1643,853,цел,водитель
273,926,NULL,ранен,пассажир
274,1566,791,погиб,водитель
275,1816,NULL,погиб,пассажир
276,1864,1096,погиб,водитель
277,734,NULL,цел,пассажир
278,1607,NULL,погиб,пассажир
279,1224,742,цел,велосипедист
280,358,1451,погиб,водитель
281,170,NULL,ранен,пассажир
282,65,198,цел,водитель
283,552,NULL,ранен,пассажир
284,471,NULL,погиб,пассажир
285,1353,59,ранен,водитель
286,1478,NULL,ранен,пассажир
287,1377,NULL,ранен,пассажир
288,600,NULL,цел,пассажир
289,1542,708,цел,велосипедист
290,958,1628,погиб,водитель
291,1030,NULL,ранен,пассажир
292,328,NULL,ранен,пассажир
293,1296,NULL,цел,пассажир
294,1918,NULL,ранен,пассажир
295,1008,528,погиб,водитель
296,1350,698,цел,водитель
297,1301,1346,погиб,водитель
298,281,NULL,ранен,пассажир
299,1706,NULL,цел,пешеход
300,1868,67,погиб,водитель
301,651,1989,ранен,водитель
302,492,NULL,цел,пешеход
303,1413,799,цел,водитель
304,1974,1301,погиб,водитель
305,922,191,погиб,водитель
306,1176,NULL,цел,пассажир
307,1604,NULL,ранен,пассажир
308,694,NULL,цел,пассажир
309,1949,705,цел,водитель
310,1044,201,погиб,водитель
311,656,NULL,погиб,пассажир
312,1881,NULL,цел,пассажир
313,1450,NULL,цел,пассажир
314,435,1349,погиб,водитель
315,1150,NULL,цел,пассажир
316,1035,NULL,ранен,пассажир
317,995,NULL,погиб,пассажир
318,638,NULL,цел,пассажир
319,453,216,погиб,водитель
320,186,NULL,ранен,пассажир
321,611,NULL,погиб,пассажир
322,622,1247,ранен,кучер
323,923,1663,цел,водитель
324,1256,NULL,цел,пассажир
325,870,NULL,погиб,пассажир
326,1721,NULL,цел,пассажир
327,713,NULL,погиб,пассажир
328,1771,384,погиб,водитель
329,980,NULL,погиб,пассажир
330,1561,NULL,ранен,пассажир
331,305,1346,погиб,водитель
332,1143,NULL,ранен,пассажир
333,1159,67,цел,водитель
334,475,NULL,ранен,пассажир
335,854,NULL,цел,пассажир
336,775,NULL,цел,пассажир
337,127,NULL,цел,пассажир
338,1099,1842,цел,водитель
339,1174,NULL,цел,пассажир
340,152,NULL,цел,пассажир
341,866,NULL,погиб,пассажир
342,1245,329,ранен,водитель
343,644,NULL,погиб,пассажир
344,1573,1542,погиб,велосипедист
345,1006,1474,погиб,водитель
346,1306,1624,ранен,водитель
347,1203,NULL,ранен,пешеход
348,949,1121,цел,водитель
349,1304,535,ранен,водитель
350,369,NULL,погиб,пассажир
351,1478,NULL,ранен,пассажир
352,1099,600,ранен,водитель
353,297,NULL,цел,пассажир
354,550,NULL,ранен,пассажир
355,925,197,цел,водитель
356,697,NULL,погиб,пассажир
357,231,NULL,погиб,пассажир
358,1197,NULL,погиб,пешеход
359,61,1922,погиб,велосипедист
360,1431,473,ранен,водитель
361,480,NULL,погиб,пассажир
362,1403,NULL,цел,пассажир
363,1984,NULL,цел,пассажир
364,1363,523,цел,кучер
365,1793,684,ранен,водитель
366,1571,NULL,ранен,пассажир
367,500,NULL,погиб,пассажир
368,1162,556,цел,велосипедист
369,1830,1893,ранен,водитель
370,193,NULL,ранен,пассажир
371,1728,NULL,ранен,пассажир
372,171,1394,погиб,велосипедист
373,998,1653,погиб,водитель
374,715,515,ранен,водитель
375,1935,NULL,погиб,пассажир
376,1037,NULL,ранен,пассажир
377,1988,NULL,ранен,пассажир
378,215,998,цел,водитель
379,481,NULL,ранен,пассажир
380,1893,NULL,погиб,пешеход
381,1516,1799,цел,водитель
382,1922,1264,цел,водитель
383,542,701,цел,водитель
384,576,NULL,цел,пассажир
385,24,NULL,ранен,пассажир
386,317,1863,погиб,водитель
387,423,NULL,погиб,пассажир
388,272,NULL,погиб,пассажир
389,1223,536,цел,водитель
390,542,1661,цел,водитель
391,1861,NULL,погиб,пассажир
392,904,NULL,погиб,пассажир
393,1400,938,погиб,кучер
394,440,825,погиб,водитель
395,105,NULL,погиб,пассажир
396,1311,NULL,ранен,пассажир
397,1086,NULL,ранен,пассажир
398,1571,984,ранен,кучер
399,1605,365,ранен,водитель
400,76,NULL,ранен,пассажир
401,1836,NULL,погиб,пассажир
402,679,822,погиб,кучер
403,1994,1099,цел,водитель
404,269,NULL,ранен,пассажир
405,620,NULL,цел,пассажир
406,1756,NULL,ранен,пассажир
407,1798,1945,цел,велосипедист
408,1330,183,цел,водитель
409,255,NULL,ранен,пассажир
410,684,NULL,погиб,пассажир
411,1034,NULL,цел,пассажир
412,101,NULL,цел,пешеход
413,1993,940,ранен,водитель
414,18,NULL,ранен,пассажир
415,573,NULL,ранен,пассажир
416,635,NULL,погиб,пассажир
417,371,NULL,погиб,пассажир
418,753,918,ранен,водитель
419,1494,457,погиб,водитель
420,567,NULL,погиб,пассажир
421,1463,NULL,ранен,пассажир
422,1591,NULL,цел,пассажир
423,1665,192,погиб,водитель
424,868,NULL,ранен,пассажир
425,872,NULL,ранен,пассажир
426,1023,35,погиб,водитель
427,757,NULL,цел,пассажир
428,663,NULL,ранен,пассажир
429,526,192,цел,водитель
430,528,NULL,погиб,пешеход
431,1098,742,погиб,велосипедист
432,1829,1566,погиб,водитель
433,1026,620,погиб,велосипедист
434,526,1006,погиб,водитель
435,1598,1884,погиб,водитель
436,608,1183,цел,водитель
437,1846,NULL,цел,пассажир
438,1383,NULL,цел,пассажир
439,558,1281,ранен,водитель
440,999,NULL,погиб,пассажир
441,342,NULL,погиб,пассажир
442,1823,NULL,ранен,пассажир
443,765,1548,погиб,кучер
444,1266,223,цел,водитель
445,1104,NULL,ранен,пассажир
446,1290,NULL,цел,пассажир
447,1060,NULL,ранен,пассажир
448,1769,NULL,погиб,пассажир
449,458,163,цел,водитель
450,1166,NULL,погиб,пассажир
451,839,NULL,цел,пассажир
452,1790,1888,погиб,водитель
453,8,NULL,погиб,пассажир
454,1357,NULL,цел,пассажир
455,75,NULL,цел,пассажир
456,430,1481,ранен,водитель
457,1739,NULL,ранен,пассажир
458,270,NULL,цел,пассажир
459,1027,NULL,погиб,пассажир
460,1034,1160,цел,водитель
461,1626,NULL,ранен,пассажир
462,578,1477,погиб,водитель
463,744,NULL,погиб,пассажир
464,1309,NULL,ранен,пассажир
465,1331,1228,ранен,водитель
466,764,NULL,погиб,пассажир
467,1477,NULL,ранен,пассажир
468,1322,NULL,цел,пассажир
469,1299,NULL,ранен,пассажир
470,558,847,цел,водитель
471,693,NULL,цел,пассажир
472,1215,NULL,погиб,пассажир
473,253,NULL,цел,пассажир
474,14,NULL,цел,пассажир
475,1043,304,ранен,водитель
476,88,NULL,ранен,пассажир
477,1138,NULL,погиб,пассажир
478,176,NULL,погиб,пассажир
479,76,NULL,погиб,пешеход
480,1638,1095,цел,водитель
481,1001,NULL,погиб,пассажир
482,1267,NULL,ранен,пассажир
483,855,1072,погиб,водитель
484,537,NULL,цел,пассажир
485,863,NULL,ранен,пассажир
486,1359,NULL,цел,пассажир
487,992,NULL,цел,пешеход
488,479,1182,ранен,водитель
489,962,NULL,погиб,пассажир
490,122,NULL,ранен,пассажир
491,1764,NULL,ранен,пассажир
492,1594,1340,погиб,водитель
493,844,1831,погиб,велосипедист
494,1557,1773,цел,водитель
495,188,NULL,погиб,пассажир
496,1268,NULL,погиб,пешеход
497,419,184,погиб,водитель
498,730,NULL,ранен,пассажир
499,771,1529,погиб,велосипедист
500,398,1777,ранен,кучер
501,625,1936,цел,водитель
502,1943,NULL,цел,пассажир
503,1159,NULL,погиб,пассажир
504,430,NULL,ранен,пассажир
505,242,NULL,ранен,пассажир
506,312,621,ранен,водитель
507,1955,NULL,ранен,пассажир
508,301,NULL,цел,пассажир
509,542,NULL,цел,пассажир
510,540,NULL,ранен,пешеход
511,517,1461,цел,водитель
512,812,166,ранен,велосипедист
513,1929,1002,цел,водитель
514,945,NULL,цел,пассажир
515,1375,NULL,цел,пассажир
516,993,1270,цел,водитель
517,512,NULL,ранен,пассажир
518,1123,NULL,погиб,пассажир
519,1734,244,погиб,водитель
520,1329,NULL,цел,пассажир
521,24,NULL,цел,пассажир
522,621,NULL,ранен,пассажир
523,22,190,цел,водитель
524,486,NULL,ранен,пассажир
525,315,NULL,погиб,пассажир
526,841,NULL,ранен,пассажир
527,1621,191,цел,водитель
528,356,1159,ранен,велосипедист
529,1012,567,цел,водитель
530,1283,417,ранен,водитель
531,589,NULL,цел,пассажир
532,258,NULL,погиб,пешеход
533,672,1508,цел,велосипедист
534,1130,1346,погиб,водитель
535,1285,NULL,цел,пассажир
536,1254,NULL,ранен,пассажир
537,694,420,ранен,водитель
538,326,NULL,цел,пассажир
539,1538,NULL,цел,пассажир
540,1388,1784,погиб,водитель
541,908,NULL,ранен,пассажир
542,144,NULL,погиб,пассажир
543,975,NULL,ранен,пассажир
544,815,NULL,цел,пешеход
545,602,1580,ранен,водитель
546,118,NULL,ранен,пассажир
547,862,NULL,ранен,пассажир
548,1058,NULL,цел,пассажир
549,1071,NULL,ранен,пассажир
550,193,953,ранен,водитель
551,53,728,ранен,водитель
552,12,NULL,ранен,пассажир
553,1031,NULL,цел,пассажир
554,303,1242,ранен,кучер
555,1003,1269,ранен,водитель
556,814,NULL,ранен,пассажир
557,99,NULL,погиб,пассажир
558,1475,NULL,ранен,пешеход
559,1292,257,цел,водитель
560,1179,NULL,цел,пассажир
561,1490,NULL,погиб,пассажир
562,1538,NULL,ранен,пассажир
563,334,NULL,ранен,пешеход
564,1039,770,ранен,водитель
565,1987,NULL,ранен,пассажир
566,1111,NULL,ранен,пассажир
567,1356,NULL,ранен,пассажир
568,692,NULL,погиб,пассажир
569,286,623,ранен,водитель
570,299,NULL,ранен,пассажир
571,464,NULL,погиб,пассажир
572,438,NULL,цел,пассажир
573,1149,NULL,цел,пассажир
574,1855,1633,погиб,водитель
575,1593,NULL,погиб,пассажир
576,1199,1,ранен,водитель
577,1058,NULL,ранен,пешеход
578,1722,773,ранен,велосипедист
579,495,507,ранен,водитель
580,1950,NULL,погиб,пассажир
581,1701,NULL,цел,пассажир
582,145,NULL,цел,пассажир
583,125,331,цел,кучер
584,1378,1878,цел,водитель
585,278,32,ранен,водитель
586,1766,NULL,цел,пассажир
587,493,NULL,цел,пассажир
588,1126,NULL,цел,пассажир
589,1237,1823,погиб,водитель
590,1821,NULL,погиб,пассажир
591,699,NULL,цел,пассажир
592,714,NULL,погиб,пассажир
593,1940,49,цел,водитель
594,107,NULL,цел,пассажир
595,1077,NULL,погиб,пассажир
596,1590,1522,погиб,водитель
597,268,NULL,цел,пассажир
598,1186,NULL,цел,пешеход
599,431,1312,ранен,водитель
600,1511,1025,ранен,водитель
601,156,NULL,цел,пассажир
602,1574,NULL,цел,пассажир
603,236,NULL,цел,пассажир
604,1781,NULL,цел,пассажир
605,1072,1657,погиб,водитель
606,836,781,ранен,водитель
607,1945,1655,цел,водитель
608,1137,NULL,погиб,пассажир
609,117,NULL,ранен,пассажир
610,420,NULL,погиб,пассажир
611,1796,NULL,погиб,пассажир
612,1916,1519,ранен,водитель
613,1722,NULL,цел,пассажир
614,269,563,ранен,водитель
615,236,NULL,цел,пассажир
616,199,NULL,цел,пассажир
617,828,NULL,погиб,пассажир
618,961,654,погиб,велосипедист
619,1391,46,погиб,водитель
620,142,NULL,цел,пассажир
621,411,989,цел,кучер
622,809,1921,цел,водитель
623,1605,NULL,ранен,пассажир
624,1407,NULL,цел,пассажир
625,1953,617,погиб,велосипедист
626,1797,1149,ранен,водитель
627,1406,NULL,ранен,пассажир
628,705,NULL,цел,пассажир
629,405,NULL,ранен,пассажир
630,1755,NULL,цел,пассажир
631,915,1452,погиб,водитель
632,279,975,цел,водитель
633,1838,NULL,погиб,пассажир
634,221,749,погиб,кучер
635,1390,829,цел,водитель
636,1452,1843,погиб,водитель
637,1699,NULL,ранен,пассажир
638,509,NULL,ранен,пассажир
639,1517,1534,ранен,водитель
640,1199,NULL,цел,пассажир
641,1745,NULL,ранен,пассажир
642,299,621,ранен,водитель
643,252,855,ранен,водитель
644,910,NULL,погиб,пассажир
645,1632,NULL,погиб,пассажир
646,1854,266,цел,водитель
647,1308,NULL,ранен,пассажир
648,1251,NULL,цел,пассажир
649,291,NULL,ранен,пассажир
650,1180,1987,погиб,кучер
651,309,168,погиб,водитель
652,370,NULL,погиб,пешеход
653,1097,777,погиб,водитель
654,1316,NULL,ранен,пассажир
655,107,NULL,цел,пассажир
656,850,NULL,цел,пассажир
657,393,NULL,цел,пассажир
658,1832,1601,ранен,водитель
659,917,1951,погиб,велосипедист
660,252,1582,ранен,водитель
661,589,545,ранен,водитель
662,1621,NULL,цел,пассажир
663,1713,NULL,погиб,пассажир
664,1142,NULL,погиб,пассажир
665,1791,368,погиб,водитель
666,113,396,цел,водитель
667,608,NULL,цел,пассажир
668,1558,NULL,цел,пассажир
669,964,467,ранен,велосипедист
670,1473,1194,цел,водитель
671,686,1026,цел,водитель
672,90,1795,погиб,водитель
673,1856,NULL,цел,пассажир
674,1982,NULL,цел,пассажир
675,694,NULL,цел,пассажир
676,935,NULL,цел,пассажир
677,1693,851,ранен,водитель
678,1298,NULL,погиб,пассажир
679,632,NULL,погиб,пассажир
680,1173,NULL,погиб,пассажир
681,516,369,погиб,водитель
682,895,368,цел,водитель
683,1947,NULL,погиб,пассажир
684,497,NULL,ранен,пассажир
685,1484,NULL,ранен,пассажир
686,1670,1080,погиб,водитель
687,659,1325,ранен,водитель
688,972,NULL,цел,пассажир
689,486,NULL,ранен,пешеход
690,1482,1006,цел,водитель
691,1296,NULL,ранен,пассажир
692,19,NULL,цел,пассажир
693,1325,NULL,ранен,пассажир
694,1315,1090,погиб,водитель
695,451,NULL,ранен,пешеход
696,519,792,ранен,кучер
697,1773,951,погиб,водитель
698,1357,NULL,ранен,пешеход
699,1528,748,ранен,водитель
700,235,NULL,погиб,пассажир
701,458,NULL,ранен,пассажир
702,0,1255,ранен,водитель
703,664,NULL,погиб,пассажир
704,1902,NULL,цел,пассажир
705,1430,1743,погиб,водитель
706,1358,113,погиб,водитель
707,114,NULL,погиб,пассажир
708,168,NULL,цел,пассажир
709,1353,NULL,ранен,пассажир
710,752,NULL,цел,пешеход
711,7,1358,погиб,водитель
712,557,1931,цел,водитель
713,1252,448,погиб,водитель
714,1994,NULL,цел,пассажир
715,1742,NULL,цел,пассажир
716,847,1343,погиб,водитель
717,911,NULL,погиб,пассажир
718,1747,1915,погиб,кучер
719,1656,149,погиб,водитель
720,322,NULL,цел,пассажир
721,1471,NULL,ранен,пассажир
722,51,266,погиб,водитель
723,617,NULL,ранен,пассажир
724,1038,NULL,погиб,пассажир
725,1827,1029,цел,велосипедист
726,1367,904,цел,водитель
727,33,NULL,цел,пассажир
728,1754,NULL,погиб,пассажир
729,1597,NULL,цел,пассажир
730,756,NULL,погиб,пассажир
731,1956,1676,цел,водитель
732,1167,NULL,ранен,пассажир
733,787,NULL,ранен,пассажир
734,1693,806,ранен,кучер
735,1942,1244,цел,водитель
736,1249,1696,ранен,водитель
737,1012,NULL,ранен,пассажир
738,782,NULL,погиб,пассажир
739,399,645,ранен,кучер
740,1343,1649,цел,водитель
741,1412,NULL,цел,пассажир
742,702,NULL,погиб,пассажир
743,185,NULL,цел,пассажир
744,230,NULL,ранен,пассажир
745,1832,1991,ранен,водитель
746,606,NULL,погиб,пассажир
747,1854,NULL,цел,пассажир
748,1704,NULL,ранен,пассажир
749,1025,1856,ранен,водитель
750,1589,NULL,ранен,пассажир
751,236,NULL,цел,пассажир
752,318,NULL,погиб,пассажир
753,1554,984,ранен,кучер
754,853,1371,ранен,водитель
755,368,NULL,цел,пассажир
756,1224,NULL,цел,пассажир
757,1373,1962,погиб,водитель
758,254,NULL,цел,пассажир
759,110,NULL,цел,пассажир
760,1032,1156,цел,водитель
761,383,NULL,цел,пассажир
762,1647,NULL,ранен,пассажир
763,1521,NULL,цел,пассажир
764,1687,836,погиб,водитель
765,380,NULL,погиб,пассажир
766,1403,1664,погиб,кучер
767,802,1445,цел,водитель
768,1447,NULL,цел,пассажир
769,1117,NULL,цел,пассажир
770,277,NULL,погиб,пассажир
771,219,62,погиб,водитель
772,722,NULL,ранен,пассажир
773,290,NULL,ранен,пассажир
774,1126,535,цел,водитель
775,1506,NULL,ранен,пассажир
776,559,NULL,ранен,пассажир
777,951,NULL,цел,пассажир
778,1691,1208,ранен,водитель
779,954,NULL,цел,пассажир
780,1624,NULL,погиб,пассажир
781,119,NULL,погиб,пассажир
782,988,388,ранен,водитель
783,1326,NULL,ранен,пассажир
784,333,1722,цел,велосипедист
785,187,1863,погиб,водитель
786,1287,NULL,ранен,пассажир
787,1826,584,погиб,водитель
788,1473,NULL,ранен,пассажир
789,625,1836,цел,водитель
790,206,1502,погиб,водитель
791,240,1314,цел,водитель
792,625,NULL,погиб,пассажир
793,432,1214,ранен,велосипедист
794,1742,1192,ранен,водитель
795,726,NULL,ранен,пассажир
796,1668,192,ранен,водитель
797,265,NULL,погиб,пассажир
798,645,1810,погиб,водитель
799,11,1807,ранен,водитель
800,163,NULL,цел,пассажир
801,325,NULL,цел,пассажир
802,96,1605,ранен,водитель
803,1357,NULL,погиб,пассажир
804,428,NULL,погиб,пассажир
805,490,1003,цел,водитель
806,1513,NULL,ранен,пассажир
807,168,NULL,погиб,пассажир
808,1830,439,погиб,водитель
809,932,NULL,погиб,пассажир
810,560,NULL,ранен,пассажир
811,1412,NULL,погиб,пассажир
812,382,NULL,ранен,пассажир
813,110,1187,ранен,водитель
814,881,NULL,погиб,пассажир
815,1533,NULL,ранен,пассажир
816,398,1270,погиб,водитель
817,191,912,ранен,водитель
818,147,NULL,ранен,пассажир
819,330,1830,цел,кучер
820,1572,877,цел,водитель
821,485,NULL,ранен,пассажир
822,1226,NULL,погиб,пассажир
823,1990,362,погиб,водитель
824,1957,NULL,погиб,пассажир
825,608,NULL,цел,пассажир
826,1565,454,погиб,велосипедист
827,1727,1954,погиб,водитель
828,411,NULL,погиб,пассажир
829,1416,1140,погиб,водитель
830,690,NULL,цел,пассажир
831,1851,NULL,цел,пассажир
832,1621,1305,цел,велосипедист
833,97,37,цел,водитель
834,1937,NULL,цел,пассажир
835,1107,NULL,погиб,пассажир
836,711,NULL,цел,пассажир
837,185,1864,погиб,водитель
838,1150,NULL,цел,пассажир
839,1584,NULL,цел,пассажир
840,26,NULL,погиб,пассажир
841,320,1992,цел,водитель
842,884,NULL,цел,пассажир
843,582,NULL,погиб,пассажир
844,831,167,погиб,водитель
845,1662,1453,погиб,водитель
846,1554,1408,ранен,водитель
847,1612,NULL,цел,пассажир
848,1938,1424,ранен,водитель
849,979,1529,цел,велосипедист
850,1818,1889,погиб,водитель
851,1822,NULL,погиб,пассажир
852,383,NULL,погиб,пассажир
853,145,NULL,ранен,пассажир
854,377,240,погиб,водитель
855,1988,NULL,погиб,пассажир
856,379,1591,погиб,водитель
857,1805,1370,цел,водитель
858,328,NULL,погиб,пассажир
859,1709,NULL,ранен,пассажир
860,1862,1149,ранен,водитель
861,1397,NULL,погиб,пассажир
862,257,NULL,погиб,пассажир
863,1584,1009,цел,водитель
864,100,623,погиб,водитель
865,1335,1541,ранен,водитель
866,1584,NULL,цел,пассажир
867,1380,1408,погиб,водитель
868,1873,NULL,цел,пассажир
869,1299,NULL,погиб,пассажир
870,1567,NULL,ранен,пешеход
871,1068,1181,цел,водитель
872,963,NULL,ранен,пассажир
873,798,NULL,ранен,пассажир
874,1185,187,цел,водитель
875,225,NULL,цел,пассажир
876,1873,NULL,погиб,пассажир
877,804,1034,ранен,кучер
878,266,1935,погиб,водитель
879,456,1997,погиб,водитель
880,402,NULL,ранен,пассажир
881,1005,NULL,цел,пассажир
882,969,NULL,погиб,пассажир
883,268,1583,ранен,водитель
884,805,NULL,ранен,пассажир
885,1295,863,ранен,велосипедист
886,695,1407,цел,водитель
887,1962,1941,погиб,водитель
888,682,NULL,погиб,пассажир
889,109,NULL,цел,пассажир
890,564,NULL,погиб,пешеход
891,585,595,ранен,водитель
892,1036,741,ранен,кучер
893,1194,1234,цел,водитель
894,1251,NULL,цел,пассажир
895,451,583,погиб,водитель
896,924,1561,цел,водитель
897,610,NULL,ранен,пассажир
898,1824,673,цел,кучер
899,1476,853,погиб,водитель
900,711,NULL,погиб,пассажир
901,1461,NULL,цел,пассажир
902,1253,NULL,цел,пассажир
903,571,NULL,погиб,пешеход
904,1979,1276,ранен,водитель
905,124,NULL,цел,пассажир
906,884,NULL,цел,пассажир
907,590,NULL,погиб,пассажир
908,1984,866,погиб,велосипедист
909,1088,117,погиб,водитель
910,1108,NULL,погиб,пассажир
911,839,NULL,погиб,пассажир
912,690,NULL,цел,пассажир
913,1292,1294,цел,водитель
914,1544,NULL,цел,пассажир
915,226,NULL,цел,пассажир
916,638,225,цел,кучер
917,1850,1180,ранен,водитель
918,164,215,ранен,водитель
919,718,881,ранен,кучер
920,312,220,погиб,водитель
921,940,NULL,цел,пассажир
922,1844,1323,ранен,велосипедист
923,1837,444,погиб,водитель
924,1279,721,погиб,велосипедист
925,1193,803,ранен,кучер
926,941,965,погиб,водитель
927,21,NULL,ранен,пассажир
928,1926,1960,цел,водитель
929,1481,NULL,цел,пассажир
930,1518,NULL,ранен,пассажир
931,310,NULL,цел,пассажир
932,1283,782,погиб,водитель
933,1070,NULL,ранен,пассажир
934,1501,NULL,цел,пассажир
935,556,NULL,ранен,пассажир
936,852,NULL,ранен,пассажир
937,264,366,цел,водитель
938,733,721,ранен,велосипедист
939,967,1808,погиб,кучер
940,316,1386,погиб,водитель
941,1227,NULL,погиб,пассажир
942,1535,59,цел,водитель
943,530,NULL,ранен,пассажир
944,1355,NULL,погиб,пассажир
945,28,210,погиб,водитель
946,1100,NULL,цел,пассажир
947,945,NULL,погиб,пассажир
948,791,NULL,цел,пассажир
949,992,1617,цел,водитель
950,1070,NULL,ранен,пассажир
951,1520,NULL,цел,пассажир
952,809,NULL,ранен,пассажир
953,1274,1654,погиб,кучер
954,365,68,погиб,водитель
955,694,1668,цел,водитель
956,1907,562,погиб,водитель
957,1789,NULL,ранен,пассажир
958,1386,NULL,цел,пассажир
959,546,NULL,ранен,пешеход
960,1910,724,погиб,водитель
961,1230,NULL,погиб,пассажир
962,1725,NULL,ранен,пассажир
963,393,NULL,ранен,пассажир
964,1922,589,цел,велосипедист
965,1892,1169,погиб,водитель
966,1235,58,погиб,водитель
967,1969,1992,погиб,водитель
968,59,1346,ранен,водитель
969,928,NULL,погиб,пассажир
970,643,NULL,ранен,пассажир
971,1940,1985,цел,кучер
972,1853,1492,погиб,водитель
973,908,NULL,ранен,пассажир
974,66,NULL,ранен,пешеход
975,1360,1819,погиб,водитель
976,1676,NULL,погиб,пассажир
977,1659,NULL,погиб,пассажир
978,1847,1357,погиб,кучер
979,1808,557,ранен,водитель
980,1317,1338,ранен,водитель
981,1003,NULL,погиб,пассажир
982,1414,94,ранен,кучер
983,1325,873,цел,водитель
984,989,NULL,погиб,пассажир
985,1980,NULL,ранен,пешеход
986,1648,418,погиб,кучер
987,1952,1934,цел,водитель
988,204,NULL,цел,пассажир
989,1427,NULL,погиб,пассажир
990,862,NULL,погиб,пассажир
991,1602,NULL,цел,пешеход
992,279,1293,погиб,водитель
993,164,810,погиб,водитель
994,615,770,погиб,водитель
995,1736,NULL,ранен,пешеход
996,1225,604,погиб,кучер
997,1002,155,цел,водитель
998,1392,NULL,ранен,пассажир
999,1862,544,ранен,водитель
1000,490,NULL,ранен,пассажир
1001,284,NULL,погиб,пассажир
1002,448,NULL,погиб,пассажир
1003,1828,712,погиб,кучер
1004,1997,926,цел,водитель
1005,175,2,цел,водитель
1006,1341,NULL,погиб,пассажир
1007,151,114,погиб,водитель
1008,1333,NULL,ранен,пассажир
1009,1376,NULL,ранен,пассажир
1010,1253,1885,цел,водитель
1011,84,NULL,погиб,пассажир
1012,1422,NULL,погиб,пассажир
1013,9,NULL,ранен,пассажир
1014,1583,1265,ранен,велосипедист
1015,1849,696,цел,водитель
1016,1037,699,ранен,водитель
1017,1473,NULL,ранен,пассажир
1018,1501,NULL,погиб,пассажир
1019,1302,NULL,ранен,пассажир
1020,1152,1963,цел,водитель
1021,991,NULL,погиб,пассажир
1022,726,NULL,ранен,пассажир
1023,1970,NULL,ранен,пассажир
1024,465,NULL,ранен,пассажир
1025,1124,734,цел,водитель
1026,1621,1038,цел,водитель
1027,561,NULL,ранен,пассажир
1028,669,NULL,погиб,пассажир
1029,1276,NULL,погиб,пассажир
1030,170,1855,ранен,водитель
1031,666,340,цел,водитель
1032,1046,NULL,ранен,пассажир
1033,1527,NULL,ранен,пешеход
1034,1842,1974,ранен,водитель
1035,1813,NULL,цел,пассажир
1036,302,NULL,ранен,пассажир
1037,1521,NULL,ранен,пассажир
1038,1350,NULL,ранен,пассажир
1039,1714,423,погиб,водитель
1040,1561,NULL,цел,пассажир
1041,128,NULL,погиб,пассажир
1042,1036,NULL,ранен,пешеход
1043,1865,1901,ранен,водитель
1044,1432,NULL,цел,пассажир
1045,1147,NULL,ранен,пассажир
1046,522,NULL,ранен,пассажир
1047,1846,499,ранен,водитель
1048,1454,1834,погиб,водитель
1049,639,NULL,ранен,пассажир
1050,1467,NULL,цел,пассажир
1051,177,1906,погиб,велосипедист
1052,872,1129,цел,водитель
1053,382,255,цел,велосипедист
1054,1054,361,ранен,водитель
1055,867,NULL,цел,пассажир
1056,1711,NULL,цел,пассажир
1057,878,NULL,ранен,пассажир
1058,1438,1776,ранен,водитель
1059,774,NULL,ранен,пассажир
1060,1521,NULL,ранен,пассажир
1061,1655,NULL,погиб,пассажир
1062,907,574,цел,велосипедист
1063,452,1094,ранен,водитель
1064,760,NULL,цел,пассажир
1065,913,791,цел,водитель
1066,1491,NULL,погиб,пассажир
1067,613,NULL,цел,пассажир
1068,1245,NULL,цел,пассажир
1069,1499,47,ранен,кучер
1070,707,347,погиб,водитель
1071,167,1721,ранен,водитель
1072,62,77,цел,водитель
1073,993,NULL,погиб,пассажир
1074,521,NULL,погиб,пассажир
1075,150,46,цел,водитель
1076,1295,NULL,цел,пассажир
1077,1382,NULL,ранен,пассажир
1078,503,1809,цел,водитель
1079,1980,NULL,погиб,пассажир
1080,1151,NULL,погиб,пассажир
1081,1350,NULL,цел,пассажир
1082,1327,NULL,цел,пассажир
1083,908,566,погиб,водитель
1084,1362,1836,погиб,водитель
1085,1127,1495,погиб,водитель
1086,598,791,цел,водитель
1087,1493,568,цел,водитель
1088,1945,NULL,погиб,пассажир
1089,1954,578,цел,кучер
1090,54,1256,погиб,водитель
1091,1496,1424,цел,водитель
1092,484,NULL,погиб,пешеход
1093,851,239,цел,кучер
1094,1156,600,погиб,водитель
1095,1781,496,ранен,водитель
1096,196,NULL,погиб,пассажир
1097,1468,1310,погиб,водитель
1098,1508,NULL,ранен,пассажир
1099,1111,62,погиб,водитель
1100,1620,NULL,цел,пассажир
1101,1370,NULL,цел,пассажир
1102,1513,94,погиб,кучер
1103,1492,1903,цел,водитель
1104,327,NULL,цел,пассажир
1105,882,NULL,погиб,пассажир
1106,1222,834,цел,водитель
1107,1731,NULL,ранен,пассажир
1108,1667,NULL,ранен,пассажир
1109,1900,262,цел,водитель
1110,1390,NULL,погиб,пассажир
1111,97,1526,погиб,водитель
1112,1249,NULL,цел,пассажир
1113,190,NULL,погиб,пассажир
1114,584,NULL,ранен,пассажир
1115,376,634,цел,водитель
1116,589,1141,цел,водитель
1117,4,NULL,погиб,пассажир
1118,531,NULL,цел,пассажир
1119,351,1676,ранен,водитель
1120,81,NULL,цел,пассажир
1121,541,363,погиб,водитель
1122,1785,NULL,ранен,пассажир
1123,1145,132,погиб,водитель
1124,1030,NULL,погиб,пассажир
1125,1265,NULL,погиб,пассажир
1126,1973,NULL,цел,пассажир
1127,169,NULL,цел,пассажир
1128,381,90,ранен,водитель
1129,724,NULL,цел,пассажир
1130,249,NULL,погиб,пассажир
1131,1472,352,погиб,водитель
1132,159,NULL,погиб,пешеход
1133,1800,500,погиб,кучер
1134,1338,1372,цел,водитель
1135,1762,NULL,ранен,пассажир
1136,824,NULL,погиб,пассажир
1137,1178,NULL,погиб,пассажир
1138,869,682,ранен,кучер
1139,947,488,погиб,водитель
1140,1797,NULL,погиб,пассажир
1141,1688,NULL,цел,пассажир
1142,304,NULL,ранен,пассажир
1143,1983,1909,цел,водитель
1144,339,NULL,цел,пассажир
1145,1497,NULL,ранен,пассажир
1146,40,NULL,ранен,пассажир
1147,1548,1299,цел,водитель
1148,1370,NULL,ранен,пассажир
1149,1071,NULL,ранен,пассажир
1150,618,663,цел,велосипедист
1151,134,1996,погиб,кучер
1152,996,821,погиб,водитель
1153,1788,NULL,цел,пассажир
1154,1062,NULL,погиб,пешеход
1155,1970,369,цел,водитель
1156,29,NULL,погиб,пассажир
1157,654,NULL,ранен,пассажир
1158,487,1360,цел,водитель
1159,56,NULL,погиб,пассажир
1160,1604,NULL,погиб,пассажир
1161,1189,NULL,цел,пешеход
1162,1149,557,цел,водитель
1163,742,NULL,ранен,пассажир
1164,556,NULL,погиб,пассажир
1165,792,1460,ранен,водитель
1166,620,NULL,цел,пассажир
1167,1644,NULL,ранен,пассажир
1168,1599,NULL,ранен,пассажир
1169,897,NULL,погиб,пассажир
1170,1176,1481,ранен,водитель
1171,1701,NULL,цел,пассажир
1172,619,NULL,погиб,пассажир
1173,1983,NULL,цел,пассажир
1174,89,936,ранен,водитель
1175,0,NULL,погиб,пассажир
1176,1055,NULL,цел,пассажир
1177,1521,NULL,цел,пассажир
1178,194,NULL,цел,пассажир
1179,860,1163,ранен,водитель
1180,48,NULL,ранен,пассажир
1181,1709,NULL,ранен,пассажир
1182,41,NULL,цел,пассажир
1183,248,NULL,ранен,пассажир
1184,1783,407,цел,водитель
1185,1103,421,ранен,кучер
1186,1858,676,цел,водитель
1187,166,NULL,ранен,пассажир
1188,1982,NULL,ранен,пассажир
1189,1768,NULL,погиб,пешеход
1190,1915,925,погиб,велосипедист
1191,1149,16,погиб,водитель
1192,648,NULL,цел,пассажир
1193,13,NULL,погиб,пассажир
1194,960,568,погиб,водитель
1195,1635,NULL,погиб,пассажир
1196,1684,NULL,погиб,пассажир
1197,427,330,ранен,водитель
1198,454,NULL,цел,пассажир
1199,1089,NULL,цел,пассажир
1200,1069,NULL,ранен,пассажир
1201,671,NULL,цел,пассажир
1202,836,1397,ранен,водитель
1203,809,229,погиб,водитель
1204,1012,NULL,цел,пешеход
1205,1294,1333,ранен,водитель
1206,393,NULL,погиб,пассажир
1207,155,NULL,ранен,пассажир
1208,81,NULL,ранен,пассажир
1209,857,821,цел,водитель
1210,362,NULL,ранен,пассажир
1211,901,1464,ранен,водитель
1212,372,NULL,ранен,пассажир
1213,1895,NULL,ранен,пассажир
1214,566,NULL,цел,пешеход
1215,1021,124,цел,водитель
1216,1658,NULL,погиб,пассажир
1217,1652,NULL,ранен,пассажир
1218,1528,1783,цел,велосипедист
1219,234,43,ранен,кучер
1220,648,190,погиб,водитель
1221,261,NULL,погиб,пассажир
1222,1918,NULL,ранен,пассажир
1223,1991,4,цел,водитель
1224,1382,402,ранен,водитель
1225,139,NULL,ранен,пассажир
1226,735,NULL,цел,пассажир
1227,1548,NULL,ранен,пассажир
1228,1017,NULL,цел,пассажир
1229,1176,1104,цел,водитель
1230,1009,NULL,ранен,пассажир
1231,1333,NULL,ранен,пассажир
1232,1126,NULL,цел,пассажир
1233,1839,808,погиб,кучер
1234,580,1422,ранен,водитель
1235,396,NULL,цел,пассажир
1236,810,NULL,ранен,пассажир
1237,186,NULL,погиб,пассажир
1238,1841,214,ранен,водитель
1239,27,683,погиб,водитель
1240,1695,NULL,погиб,пассажир
1241,332,NULL,цел,пассажир
1242,1337,NULL,цел,пассажир
1243,262,1664,цел,кучер
1244,821,627,цел,водитель
1245,794,NULL,погиб,пассажир
1246,1096,NULL,цел,пассажир
1247,1732,704,ранен,велосипедист
1248,1034,1086,цел,кучер
1249,77,1807,погиб,водитель
1250,141,NULL,цел,пассажир
1251,1900,15,ранен,водитель
1252,1943,NULL,ранен,пассажир
1253,863,NULL,погиб,пассажир
1254,1982,NULL,цел,пешеход
1255,1597,1535,погиб,велосипедист
1256,234,1378,ранен,водитель
1257,763,NULL,погиб,пассажир
1258,898,NULL,цел,пассажир
1259,418,574,цел,велосипедист
1260,1991,624,цел,кучер
1261,72,1910,погиб,водитель
1262,698,176,ранен,велосипедист
1263,594,1157,ранен,водитель
1264,830,1920,цел,водитель
1265,957,1817,погиб,водитель
1266,1464,NULL,цел,пешеход
1267,935,393,цел,велосипедист
1268,723,1598,ранен,водитель
1269,1917,NULL,ранен,пассажир
1270,79,1705,цел,велосипедист
1271,1542,1242,ранен,кучер
1272,1543,899,цел,водитель
1273,1060,65,погиб,водитель
1274,950,NULL,цел,пассажир
1275,307,564,ранен,кучер
1276,722,1849,погиб,водитель
1277,1392,771,ранен,водитель
1278,813,NULL,погиб,пассажир
1279,623,NULL,цел,пассажир
1280,11,238,ранен,водитель
1281,527,NULL,цел,пассажир
1282,1891,NULL,цел,пешеход
1283,1835,702,погиб,водитель
1284,269,NULL,погиб,пассажир
1285,731,NULL,ранен,пассажир
1286,1785,NULL,ранен,пассажир
1287,1319,NULL,погиб,пассажир
1288,1002,1158,погиб,водитель
1289,641,688,ранен,водитель
1290,1857,NULL,погиб,пассажир
1291,1074,NULL,цел,пассажир
1292,1040,NULL,цел,пассажир
1293,59,221,цел,водитель
1294,1080,NULL,ранен,пассажир
1295,204,NULL,погиб,пассажир
1296,454,NULL,погиб,пассажир
1297,1889,1977,цел,водитель
1298,803,NULL,погиб,пассажир
1299,43,NULL,погиб,пассажир
1300,96,NULL,погиб,пассажир
1301,40,77,цел,водитель
1302,1738,NULL,погиб,пассажир
1303,588,NULL,цел,пассажир
1304,1413,NULL,цел,пассажир
1305,688,1059,погиб,водитель
1306,298,NULL,погиб,пассажир
1307,1705,NULL,цел,пассажир
1308,1931,1469,погиб,водитель
1309,1985,NULL,ранен,пассажир
1310,662,NULL,погиб,пассажир
1311,1937,NULL,ранен,пассажир
1312,1257,NULL,цел,пешеход
1313,641,217,ранен,водитель
1314,1928,945,погиб,водитель
1315,1306,NULL,цел,пассажир
1316,211,604,цел,кучер
1317,1621,241,цел,водитель
1318,1291,NULL,погиб,пассажир
1319,300,1440,погиб,кучер
1320,1335,1659,цел,водитель
1321,913,1343,погиб,водитель
1322,351,NULL,ранен,пассажир
1323,1719,836,ранен,водитель
1324,1689,NULL,ранен,пассажир
1325,690,NULL,ранен,пассажир
1326,887,NULL,цел,пассажир
1327,1749,1285,погиб,водитель
1328,473,NULL,цел,пассажир
1329,1940,NULL,погиб,пассажир
1330,939,NULL,цел,пассажир
1331,641,NULL,цел,пассажир
1332,914,753,цел,водитель
1333,1511,NULL,цел,пассажир
1334,946,NULL,ранен,пассажир
1335,1361,NULL,цел,пешеход
1336,252,1647,ранен,кучер
1337,1336,1023,ранен,водитель
1338,1638,466,цел,водитель
1339,1535,1173,погиб,водитель
1340,925,119,цел,водитель
1341,1954,NULL,погиб,пассажир
1342,1667,NULL,цел,пассажир
1343,791,NULL,ранен,пассажир
1344,570,NULL,ранен,пассажир
1345,83,581,цел,водитель
1346,363,NULL,погиб,пассажир
1347,789,685,ранен,водитель
1348,729,1815,погиб,велосипедист
1349,925,614,цел,кучер
1350,1605,609,цел,водитель
1351,1448,NULL,цел,пассажир
1352,478,NULL,цел,пассажир
1353,1196,NULL,погиб,пассажир
1354,1208,1762,ранен,водитель
1355,113,1355,ранен,водитель
1356,854,NULL,цел,пассажир
1357,392,1866,погиб,водитель
1358,1333,NULL,ранен,пассажир
1359,637,1535,ранен,велосипедист
1360,1441,130,цел,водитель
1361,907,NULL,погиб,пассажир
1362,733,1866,погиб,водитель
1363,1779,NULL,ранен,пассажир
1364,768,NULL,цел,пассажир
1365,1253,NULL,цел,пассажир
1366,140,1012,погиб,водитель
1367,594,NULL,цел,пассажир
1368,376,NULL,цел,пассажир
1369,971,NULL,цел,пассажир
1370,770,153,цел,велосипедист
1371,1365,436,ранен,водитель
1372,111,NULL,цел,пассажир
1373,1911,NULL,погиб,пассажир
1374,1331,1572,ранен,водитель
1375,21,NULL,погиб,пассажир
1376,1649,NULL,цел,пассажир
1377,1270,209,ранен,водитель
1378,302,NULL,ранен,пассажир
1379,325,NULL,ранен,пассажир
1380,827,NULL,ранен,пассажир
1381,1690,NULL,ранен,пассажир
1382,1444,1641,погиб,водитель
1383,394,855,погиб,водитель
1384,1402,NULL,ранен,пассажир
1385,1240,NULL,ранен,пассажир
1386,81,NULL,цел,пассажир
1387,293,522,ранен,велосипедист
1388,14,1498,ранен,водитель
1389,1979,17,погиб,кучер
1390,388,188,цел,водитель
1391,972,NULL,ранен,пассажир
1392,431,NULL,цел,пассажир
1393,405,654,погиб,велосипедист
1394,1661,733,ранен,водитель
1395,1148,NULL,ранен,пассажир
1396,162,194,цел,водитель
1397,1316,NULL,цел,пассажир
1398,415,NULL,ранен,пассажир
1399,1728,1654,цел,кучер
1400,621,660,ранен,водитель
1401,445,NULL,цел,пассажир
1402,1981,NULL,погиб,пассажир
1403,1356,NULL,погиб,пассажир
1404,1757,125,погиб,водитель
1405,592,1469,ранен,водитель
1406,1267,1496,цел,водитель
1407,990,1348,ранен,водитель
1408,1241,NULL,цел,пассажир
1409,212,NULL,цел,пассажир
1410,930,NULL,цел,пассажир
1411,1365,981,ранен,водитель
1412,372,NULL,погиб,пассажир
1413,1257,1054,цел,велосипедист
1414,830,59,погиб,водитель
1415,1834,NULL,ранен,пассажир
1416,1375,NULL,цел,пассажир
1417,282,130,цел,водитель
1418,877,NULL,погиб,пассажир
1419,193,1236,ранен,велосипедист
1420,1438,1647,погиб,кучер
1421,1186,277,цел,водитель
1422,1290,NULL,ранен,пассажир
1423,449,NULL,погиб,пассажир
1424,1115,NULL,цел,пассажир
1425,1803,1604,погиб,водитель
1426,41,NULL,ранен,пассажир
1427,1338,334,ранен,водитель
1428,1722,NULL,погиб,пассажир
1429,1368,NULL,ранен,пассажир
1430,1575,NULL,погиб,пассажир
1431,519,1548,погиб,кучер
1432,1126,1504,погиб,водитель
1433,378,NULL,цел,пассажир
1434,1222,NULL,ранен,пассажир
1435,509,NULL,погиб,пассажир
1436,1105,1722,погиб,велосипедист
1437,313,73,цел,водитель
1438,1621,1601,ранен,водитель
1439,1256,NULL,ранен,пассажир
1440,490,NULL,цел,пассажир
1441,1805,NULL,ранен,пассажир
1442,709,1359,ранен,водитель
1443,791,1839,погиб,водитель
1444,1661,1226,цел,водитель
1445,643,NULL,ранен,пассажир
1446,1021,1018,ранен,водитель
1447,1842,244,ранен,водитель
1448,1998,NULL,ранен,пассажир
1449,1767,729,погиб,водитель
1450,1439,NULL,цел,пешеход
1451,1698,586,ранен,велосипедист
1452,1689,993,цел,водитель
1453,282,718,погиб,водитель
1454,1251,NULL,цел,пассажир
1455,1176,180,погиб,водитель
1456,511,NULL,цел,пассажир
1457,1186,NULL,цел,пассажир
1458,1805,NULL,цел,пассажир
1459,1134,NULL,цел,пассажир
1460,1485,1092,ранен,водитель
1461,1049,NULL,ранен,пассажир
1462,1986,NULL,ранен,пассажир
1463,612,NULL,цел,пассажир
1464,1132,NULL,погиб,пассажир
1465,740,951,погиб,водитель
1466,30,710,ранен,водитель
1467,1777,NULL,ранен,пассажир
1468,786,NULL,погиб,пассажир
1469,1544,302,погиб,велосипедист
1470,1043,1125,ранен,водитель
1471,115,NULL,цел,пассажир
1472,147,NULL,цел,пассажир
1473,599,NULL,погиб,пассажир
1474,709,1179,ранен,водитель
1475,1413,NULL,цел,пассажир
1476,983,1739,ранен,водитель
1477,330,NULL,ранен,пассажир
1478,1479,NULL,цел,пассажир
1479,1890,395,ранен,кучер
1480,1799,1683,погиб,водитель
1481,1101,1395,погиб,водитель
1482,167,1029,цел,велосипедист
1483,11,1727,погиб,водитель
1484,514,NULL,погиб,пассажир
1485,1110,NULL,погиб,пассажир
1486,1909,NULL,цел,пассажир
1487,238,1362,цел,водитель
1488,216,1706,цел,водитель
1489,761,NULL,цел,пассажир
1490,1650,NULL,ранен,пешеход
1491,1413,178,погиб,кучер
1492,1563,217,цел,водитель
1493,1074,NULL,цел,пассажир
1494,1116,NULL,цел,пассажир
1495,1064,NULL,ранен,пассажир
1496,1642,907,погиб,водитель
1497,386,NULL,ранен,пассажир
1498,1414,1619,цел,велосипедист
1499,1862,129,цел,водитель
1500,497,42,цел,водитель
1501,70,NULL,ранен,пассажир
1502,180,NULL,цел,пассажир
1503,608,991,погиб,кучер
1504,133,560,цел,водитель
1505,1285,NULL,цел,пассажир
1506,155,NULL,цел,пешеход
1507,102,1869,цел,велосипедист
1508,3,508,ранен,водитель
1509,959,NULL,цел,пассажир
1510,1699,NULL,цел,пассажир
1511,1664,1444,цел,водитель
1512,929,NULL,ранен,пассажир
1513,1874,NULL,ранен,пассажир
1514,1929,594,погиб,водитель
1515,929,NULL,цел,пассажир
1516,1161,1697,погиб,водитель
1517,693,NULL,ранен,пассажир
1518,293,NULL,цел,пассажир
1519,335,NULL,цел,пассажир
1520,1100,1841,погиб,кучер
1521,1546,290,ранен,водитель
1522,710,NULL,погиб,пассажир
1523,1474,NULL,ранен,пассажир
1524,1701,NULL,ранен,пешеход
1525,1109,1597,цел,велосипедист
1526,1221,1595,ранен,водитель
1527,1040,1678,цел,водитель
1528,340,NULL,погиб,пассажир
1529,3,1629,цел,водитель
1530,1409,NULL,ранен,пассажир
1531,889,1027,погиб,водитель
1532,1634,NULL,цел,пассажир
1533,1039,NULL,ранен,пассажир
1534,1396,NULL,цел,пешеход
1535,1482,1858,цел,водитель
1536,718,1836,цел,водитель
1537,1967,NULL,цел,пассажир
1538,1741,NULL,цел,пассажир
1539,978,NULL,ранен,пассажир
1540,494,391,погиб,водитель
1541,439,NULL,цел,пассажир
1542,832,NULL,цел,пассажир
1543,1367,NULL,погиб,пассажир
1544,325,NULL,погиб,пассажир
1545,1492,259,цел,водитель
1546,1496,NULL,ранен,пассажир
1547,773,1325,ранен,водитель
1548,1040,102,ранен,водитель
1549,1736,NULL,ранен,пассажир
1550,1620,NULL,погиб,пассажир
1551,887,NULL,ранен,пассажир
1552,1875,NULL,погиб,пассажир
1553,1653,1169,цел,водитель
1554,1595,1049,цел,водитель
1555,41,959,погиб,водитель
1556,1643,645,погиб,кучер
1557,376,155,ранен,водитель
1558,1808,374,цел,кучер
1559,560,1602,цел,водитель
1560,505,NULL,ранен,пассажир
1561,721,63,погиб,кучер
1562,1743,125,цел,водитель
1563,1376,1802,цел,водитель
1564,1131,NULL,цел,пассажир
1565,725,NULL,ранен,пассажир
1566,720,1925,погиб,водитель
1567,580,1025,ранен,водитель
1568,20,NULL,цел,пассажир
1569,207,NULL,цел,пассажир
1570,1564,1910,цел,водитель
1571,1982,877,ранен,водитель
1572,52,142,ранен,водитель
1573,1766,NULL,погиб,пассажир
1574,260,NULL,цел,пешеход
1575,888,944,цел,водитель
1576,936,NULL,цел,пассажир
1577,470,NULL,погиб,пассажир
1578,1339,NULL,ранен,пассажир
1579,868,NULL,ранен,пассажир
1580,391,1590,погиб,водитель
1581,68,NULL,погиб,пассажир
1582,1408,NULL,цел,пассажир
1583,430,NULL,ранен,пассажир
1584,1171,NULL,цел,пассажир
1585,1337,1525,погиб,водитель
1586,671,148,цел,водитель
1587,1848,NULL,погиб,пассажир
1588,1630,1948,ранен,кучер
1589,983,703,цел,водитель
1590,529,NULL,погиб,пассажир
1591,306,NULL,погиб,пассажир
1592,560,59,погиб,водитель
1593,1502,NULL,цел,пассажир
1594,1756,NULL,погиб,пассажир
1595,1798,661,цел,водитель
1596,1571,NULL,погиб,пассажир
1597,169,NULL,ранен,пассажир
1598,609,NULL,погиб,пассажир
1599,387,687,погиб,водитель
1600,1312,NULL,ранен,пассажир
1601,971,NULL,цел,пассажир
1602,925,234,цел,кучер
1603,1715,68,ранен,водитель
1604,561,NULL,цел,пешеход
1605,1627,297,цел,кучер
1606,1523,289,ранен,водитель
1607,1832,NULL,погиб,пассажир
1608,883,NULL,цел,пассажир
1609,85,499,ранен,водитель
1610,1669,NULL,цел,пассажир
1611,975,NULL,погиб,пассажир
1612,496,NULL,ранен,пассажир
1613,1133,NULL,цел,пассажир
1614,773,383,погиб,водитель
1615,1777,977,цел,водитель
1616,49,NULL,ранен,пассажир
1617,1786,NULL,ранен,пассажир
1618,580,805,цел,водитель
1619,1140,369,ранен,водитель
1620,251,839,погиб,водитель
1621,1804,609,ранен,водитель
1622,1649,NULL,погиб,пассажир
1623,407,NULL,ранен,пассажир
1624,3,1667,ранен,водитель
1625,715,NULL,ранен,пассажир
1626,178,NULL,ранен,пассажир
1627,647,NULL,цел,пассажир
1628,241,1780,цел,водитель
1629,23,NULL,цел,пассажир
1630,510,NULL,погиб,пассажир
1631,347,NULL,ранен,пассажир
1632,1224,665,цел,кучер
1633,814,1656,погиб,водитель
1634,937,NULL,ранен,пассажир
1635,623,NULL,ранен,пешеход
1636,85,66,цел,водитель
1637,60,NULL,ранен,пассажир
1638,224,NULL,ранен,пассажир
1639,1016,803,цел,кучер
1640,1404,811,погиб,водитель
1641,1179,1810,цел,водитель
1642,675,NULL,погиб,пассажир
1643,705,NULL,ранен,пешеход
1644,1896,755,погиб,водитель
1645,1102,NULL,цел,пассажир
1646,1410,NULL,погиб,пешеход
1647,1253,231,цел,водитель
1648,1289,NULL,погиб,пассажир
1649,106,NULL,погиб,пассажир
1650,1063,NULL,ранен,пешеход
1651,1668,1337,цел,водитель
1652,137,NULL,ранен,пассажир
1653,341,NULL,погиб,пассажир
1654,1986,NULL,погиб,пассажир
1655,1603,NULL,погиб,пассажир
1656,589,1607,цел,водитель
1657,513,NULL,ранен,пассажир
1658,409,NULL,цел,пассажир
1659,1529,NULL,погиб,пассажир
1660,218,624,погиб,кучер
1661,1633,677,погиб,водитель
1662,1013,NULL,ранен,пассажир
1663,1025,NULL,ранен,пассажир
1664,1541,NULL,ранен,пассажир
1665,1630,NULL,цел,пешеход
1666,39,1140,цел,водитель
1667,1365,NULL,цел,пассажир
1668,1434,1584,ранен,велосипедист
1669,1330,497,погиб,кучер
1670,512,343,ранен,водитель
1671,1522,NULL,погиб,пассажир
1672,872,NULL,погиб,пассажир
1673,930,NULL,погиб,пассажир
1674,132,1153,погиб,водитель
1675,417,736,ранен,водитель
1676,696,NULL,погиб,пассажир
1677,1584,1247,ранен,кучер
1678,1174,827,погиб,водитель
1679,1617,NULL,ранен,пассажир
1680,1652,NULL,погиб,пассажир
1681,374,NULL,ранен,пассажир
1682,1013,1240,ранен,водитель
1683,1431,425,ранен,водитель
1684,1321,NULL,цел,пассажир
1685,1909,NULL,ранен,пассажир
1686,1217,NULL,ранен,пассажир
1687,1917,NULL,цел,пассажир
1688,759,1229,цел,водитель
1689,584,NULL,ранен,пассажир
1690,861,1097,ранен,водитель
1691,1679,238,ранен,водитель
1692,1425,NULL,погиб,пассажир
1693,469,NULL,погиб,пассажир
1694,1170,NULL,цел,пассажир
1695,1804,778,цел,водитель
1696,1983,280,ранен,водитель
1697,141,1347,цел,водитель
1698,851,NULL,ранен,пассажир
1699,523,NULL,цел,пассажир
1700,1961,NULL,погиб,пассажир
1701,104,794,ранен,водитель
1702,1987,NULL,погиб,пассажир
1703,381,NULL,цел,пассажир
1704,1223,NULL,цел,пассажир
1705,1170,NULL,ранен,пассажир
1706,1514,1626,цел,водитель
1707,111,1541,цел,водитель
1708,964,NULL,цел,пассажир
1709,1340,NULL,ранен,пассажир
1710,1238,NULL,ранен,пассажир
1711,1120,1314,погиб,водитель
1712,240,NULL,погиб,пассажир
1713,899,1414,цел,велосипедист
1714,979,1711,ранен,водитель
1715,109,NULL,цел,пассажир
1716,1189,NULL,ранен,пассажир
1717,1150,NULL,цел,пассажир
1718,1288,14,ранен,велосипедист
1719,1039,99,погиб,водитель
1720,1667,NULL,цел,пассажир
1721,1310,NULL,погиб,пассажир
1722,660,NULL,ранен,пассажир
1723,1883,1191,погиб,водитель
1724,709,524,ранен,водитель
1725,75,NULL,цел,пассажир
1726,1106,NULL,ранен,пассажир
1727,1746,NULL,цел,пассажир
1728,948,1418,цел,водитель
1729,806,NULL,цел,пассажир
1730,834,NULL,погиб,пассажир
1731,895,NULL,погиб,пассажир
1732,1870,439,погиб,водитель
1733,1920,NULL,ранен,пассажир
1734,918,NULL,погиб,пассажир
1735,534,1835,погиб,кучер
1736,1382,1675,цел,водитель
1737,543,NULL,ранен,пассажир
1738,1578,NULL,ранен,пассажир
1739,687,NULL,погиб,пассажир
1740,1460,NULL,погиб,пассажир
1741,891,1233,ранен,водитель
1742,1286,NULL,ранен,пассажир
1743,1224,NULL,цел,пассажир
1744,1256,NULL,цел,пассажир
1745,1584,81,ранен,водитель
1746,332,975,цел,водитель
1747,374,NULL,ранен,пассажир
1748,1456,NULL,ранен,пассажир
1749,798,NULL,цел,пассажир
1750,636,998,ранен,водитель
1751,530,NULL,погиб,пассажир
1752,12,NULL,цел,пассажир
1753,1751,NULL,цел,пассажир
1754,1583,1841,погиб,кучер
1755,920,1721,ранен,водитель
1756,1053,NULL,ранен,пассажир
1757,1256,NULL,погиб,пассажир
1758,1170,1512,цел,водитель
1759,381,1526,ранен,водитель
1760,199,NULL,погиб,пассажир
1761,576,NULL,погиб,пассажир
1762,1036,NULL,погиб,пассажир
1763,1715,1857,погиб,водитель
1764,1718,1568,цел,водитель
1765,197,NULL,ранен,пассажир
1766,1730,NULL,погиб,пассажир
1767,580,1827,цел,водитель
1768,1236,NULL,цел,пассажир
1769,769,NULL,цел,пассажир
1770,1516,NULL,погиб,пассажир
1771,836,NULL,цел,пассажир
1772,1917,319,погиб,водитель
1773,1445,NULL,погиб,пассажир
1774,466,1122,цел,водитель
1775,709,1881,ранен,водитель
1776,1728,437,ранен,водитель
1777,1515,NULL,ранен,пассажир
1778,236,NULL,цел,пассажир
1779,1627,1767,ранен,водитель
1780,893,1707,ранен,водитель
1781,504,NULL,ранен,пассажир
1782,1554,NULL,погиб,пассажир
1783,1869,NULL,цел,пассажир
1784,1293,NULL,погиб,пассажир
1785,22,743,цел,водитель
1786,73,NULL,ранен,пассажир
1787,673,NULL,цел,пассажир
1788,459,NULL,ранен,пассажир
1789,1049,167,погиб,водитель
1790,1948,NULL,погиб,пассажир
1791,1190,1225,цел,водитель
1792,1115,NULL,погиб,пассажир
1793,1224,535,цел,водитель
1794,1246,NULL,погиб,пассажир
1795,940,555,цел,водитель
1796,44,1189,цел,водитель
1797,1344,NULL,ранен,пассажир
1798,1866,NULL,цел,пассажир
1799,920,407,ранен,водитель
1800,1941,602,ранен,велосипедист
1801,555,314,погиб,водитель
1802,406,1793,ранен,водитель
1803,1944,NULL,цел,пассажир
1804,1783,NULL,погиб,пассажир
1805,1865,559,цел,водитель
1806,840,NULL,цел,пассажир
1807,737,NULL,цел,пассажир
1808,968,NULL,цел,пассажир
1809,1939,1762,ранен,водитель
1810,689,NULL,цел,пассажир
1811,148,NULL,погиб,пассажир
1812,531,447,цел,водитель
1813,1067,612,ранен,кучер
1814,83,344,погиб,водитель
1815,256,NULL,ранен,пассажир
1816,591,NULL,цел,пассажир
1817,1210,36,погиб,водитель
1818,1781,NULL,погиб,пассажир
1819,1556,NULL,ранен,пассажир
1820,887,1927,цел,кучер
1821,1092,1699,ранен,водитель
1822,1895,NULL,цел,пассажир
1823,12,NULL,цел,пассажир
1824,289,NULL,ранен,пассажир
1825,1506,533,погиб,водитель
1826,1992,NULL,погиб,пассажир
1827,1956,1375,цел,водитель
1828,82,NULL,ранен,пассажир
1829,22,NULL,цел,пешеход
1830,927,1688,ранен,велосипедист
1831,1314,231,погиб,водитель
1832,1905,NULL,погиб,пассажир
1833,160,NULL,цел,пассажир
1834,1881,NULL,цел,пассажир
1835,857,1958,погиб,водитель
1836,351,790,погиб,водитель
1837,1152,NULL,ранен,пассажир
1838,244,NULL,цел,пассажир
1839,1841,290,цел,водитель
1840,431,579,погиб,велосипедист
1841,937,743,ранен,водитель
1842,350,1325,ранен,водитель
1843,1977,307,цел,водитель
1844,699,NULL,ранен,пассажир
1845,1760,NULL,цел,пешеход
1846,1261,1557,погиб,водитель
1847,64,NULL,погиб,пассажир
1848,1577,419,погиб,водитель
1849,1890,NULL,цел,пассажир
1850,1040,85,цел,водитель
1851,1244,NULL,цел,пассажир
1852,147,NULL,цел,пассажир
1853,1103,1536,погиб,кучер
1854,1257,1464,ранен,водитель
1855,1677,NULL,погиб,пассажир
1856,507,NULL,цел,пассажир
1857,568,NULL,ранен,пассажир
1858,943,NULL,погиб,пассажир
1859,113,1623,цел,водитель
1860,1785,NULL,погиб,пассажир
1861,583,1189,цел,водитель
1862,1245,37,погиб,водитель
1863,1706,NULL,погиб,пассажир
1864,1591,NULL,погиб,пешеход
1865,31,1674,цел,водитель
1866,981,1899,цел,водитель
1867,1536,504,погиб,кучер
1868,1462,852,цел,водитель
1869,1117,NULL,ранен,пассажир
1870,891,NULL,ранен,пассажир
1871,1976,NULL,погиб,пассажир
1872,520,NULL,цел,пешеход
1873,1689,107,ранен,водитель
1874,1046,NULL,погиб,пассажир
1875,1059,NULL,цел,пассажир
1876,1627,1893,ранен,водитель
1877,1131,342,цел,водитель
1878,293,NULL,цел,пассажир
1879,1221,NULL,ранен,пассажир
1880,1825,NULL,ранен,пассажир
1881,1045,925,ранен,велосипедист
1882,1304,575,ранен,водитель
1883,1055,NULL,погиб,пассажир
1884,1048,1830,ранен,кучер
1885,39,1294,ранен,водитель
1886,1119,1066,погиб,водитель
1887,104,1737,ранен,водитель
1888,1329,NULL,цел,пассажир
1889,1194,1530,цел,водитель
1890,326,1360,цел,водитель
1891,1812,NULL,цел,пассажир
1892,374,NULL,цел,пассажир
1893,1679,593,ранен,водитель
1894,10,NULL,ранен,пассажир
1895,174,NULL,ранен,пассажир
1896,354,NULL,ранен,пешеход
1897,209,220,цел,водитель
1898,952,NULL,погиб,пассажир
1899,33,290,цел,водитель
1900,933,1763,ранен,водитель
1901,589,NULL,цел,пассажир
1902,1488,NULL,цел,пассажир
1903,335,237,погиб,водитель
1904,646,NULL,ранен,пассажир
1905,1521,NULL,ранен,пассажир
1906,1134,NULL,ранен,пассажир
1907,485,NULL,цел,пешеход
1908,1392,1023,ранен,водитель
1909,80,NULL,ранен,пассажир
1910,381,1196,цел,велосипедист
1911,747,612,погиб,кучер
1912,503,243,погиб,водитель
1913,719,843,погиб,водитель
1914,725,NULL,погиб,пассажир
1915,1650,NULL,ранен,пассажир
1916,545,NULL,погиб,пассажир
1917,375,1978,цел,водитель
1918,421,NULL,погиб,пассажир
1919,108,NULL,ранен,пассажир
1920,1192,1682,погиб,велосипедист
1921,1858,1270,погиб,водитель
1922,1801,NULL,цел,пассажир
1923,1302,1709,ранен,водитель
1924,630,NULL,цел,пассажир
1925,1266,NULL,погиб,пассажир
1926,730,NULL,ранен,пешеход
1927,1448,958,ранен,водитель
1928,1852,NULL,ранен,пассажир
1929,34,NULL,ранен,пассажир
1930,1418,NULL,погиб,пассажир
1931,89,1825,цел,водитель
1932,491,NULL,погиб,пассажир
1933,717,NULL,ранен,пассажир
1934,1731,NULL,цел,пассажир
1935,408,90,ранен,водитель
1936,499,NULL,ранен,пассажир
1937,112,NULL,цел,пассажир
1938,447,1611,ранен,велосипедист
1939,326,118,ранен,кучер
1940,320,1252,погиб,водитель
1941,978,NULL,ранен,пассажир
1942,1311,NULL,погиб,пассажир
1943,1630,1402,ранен,водитель
1944,1326,1430,ранен,водитель
1945,860,NULL,ранен,пассажир
1946,1473,1505,ранен,водитель
1947,1552,1214,ранен,велосипедист
1948,508,822,погиб,кучер
1949,1572,24,погиб,водитель
1950,476,NULL,ранен,пассажир
1951,1339,NULL,ранен,пассажир
1952,1257,NULL,погиб,пассажир
1953,912,NULL,погиб,пассажир
1954,548,907,цел,водитель
1955,1018,NULL,ранен,пассажир
1956,1587,NULL,ранен,пассажир
1957,1013,474,ранен,водитель
1958,19,504,цел,кучер
1959,1514,369,погиб,водитель
1960,1689,NULL,ранен,пассажир
1961,1190,NULL,погиб,пассажир
1962,1080,1271,цел,велосипедист
1963,208,1215,цел,водитель
1964,540,NULL,погиб,пассажир
1965,1247,NULL,погиб,пассажир
1966,1325,NULL,ранен,пассажир
1967,586,1764,погиб,водитель
1968,554,474,цел,водитель
1969,1545,938,погиб,кучер
1970,80,45,погиб,водитель
1971,1890,NULL,цел,пассажир
1972,937,1747,ранен,водитель
1973,1699,NULL,ранен,пассажир
1974,475,1442,ранен,водитель
1975,1859,524,цел,водитель
1976,441,NULL,погиб,пассажир
1977,1964,1222,цел,велосипедист
1978,1052,411,цел,водитель
1979,197,113,ранен,водитель
1980,287,NULL,цел,пассажир
1981,55,299,погиб,велосипедист
1982,788,168,погиб,водитель
1983,1588,NULL,погиб,пассажир
1984,1664,NULL,погиб,пассажир
1985,1599,250,ранен,водитель
1986,382,NULL,ранен,пассажир
1987,934,NULL,ранен,пешеход
1988,1392,1829,погиб,кучер
1989,1601,1518,погиб,водитель
1990,914,NULL,ранен,пассажир
1991,1885,NULL,ранен,пассажир
1992,483,NULL,цел,пассажир
1993,1016,206,ранен,водитель
1994,483,NULL,цел,пассажир
1995,1287,NULL,цел,пассажир
1996,74,NULL,ранен,пассажир
1997,1150,NULL,погиб,пешеход
1998,1264,1143,цел,водитель
1999,1300,NULL,погиб,пассажир
2000,1876,NULL,цел,пассажир
2001,444,NULL,цел,пассажир
2002,554,NULL,цел,пассажир
2003,651,1488,цел,водитель
2004,1415,NULL,ранен,пассажир
2005,1297,NULL,погиб,пассажир
2006,125,NULL,ранен,пассажир
2007,1949,NULL,цел,пассажир
2008,936,940,ранен,водитель
2009,466,1041,ранен,водитель
2010,374,NULL,погиб,пассажир
2011,489,NULL,ранен,пассажир
2012,1208,1582,цел,водитель
2013,601,NULL,цел,пассажир
2014,403,NULL,ранен,пассажир
2015,1396,1223,цел,кучер
2016,1467,761,погиб,водитель
2017,885,NULL,цел,пассажир
2018,1726,NULL,ранен,пассажир
2019,1451,1887,ранен,велосипедист
2020,920,1095,цел,водитель
2021,1155,NULL,цел,пассажир
2022,988,NULL,погиб,пассажир
2023,121,1496,ранен,водитель
2024,734,NULL,ранен,пассажир
2025,569,NULL,ранен,пассажир
2026,1435,NULL,погиб,пешеход
2027,438,692,ранен,велосипедист
2028,1728,635,погиб,водитель
2029,253,NULL,ранен,пассажир
2030,1977,918,цел,водитель
2031,1059,NULL,погиб,пассажир
2032,650,NULL,цел,пассажир
2033,126,441,цел,водитель
2034,1815,NULL,цел,пассажир
2035,1521,645,ранен,кучер
2036,792,1464,погиб,водитель
2037,1068,NULL,ранен,пассажир
2038,1316,NULL,ранен,пассажир
2039,413,NULL,ранен,пассажир
2040,835,1610,погиб,водитель
2041,250,NULL,погиб,пассажир
2042,493,NULL,цел,пассажир
2043,551,NULL,цел,пассажир
2044,737,NULL,цел,пассажир
2045,59,1889,цел,водитель
2046,1661,323,ранен,водитель
2047,708,NULL,ранен,пассажир
2048,1574,1860,ранен,водитель
2049,1786,NULL,погиб,пассажир
2050,860,1282,ранен,водитель
2051,376,NULL,цел,пассажир
2052,566,NULL,ранен,пассажир
2053,1131,NULL,погиб,пассажир
2054,331,1119,ранен,кучер
2055,591,161,цел,водитель
2056,326,NULL,цел,пассажир
2057,618,NULL,цел,пассажир
2058,1606,NULL,погиб,пассажир
2059,1874,NULL,погиб,пассажир
2060,57,1123,ранен,водитель
2061,1318,NULL,ранен,пассажир
2062,499,NULL,ранен,пассажир
2063,597,NULL,ранен,пешеход
2064,376,24,ранен,водитель
2065,58,1638,погиб,водитель
2066,137,1275,погиб,водитель
2067,623,NULL,погиб,пассажир
2068,926,886,цел,водитель
2069,1399,NULL,ранен,пассажир
2070,348,NULL,ранен,пассажир
2071,82,NULL,ранен,пассажир
2072,111,309,ранен,водитель
2073,1574,NULL,ранен,пассажир
2074,1292,559,ранен,водитель
2075,297,NULL,цел,пассажир
2076,1701,702,погиб,водитель
2077,33,NULL,погиб,пассажир
2078,1872,NULL,цел,пассажир
2079,1478,1814,цел,водитель
2080,1042,NULL,погиб,пассажир
2081,1165,NULL,погиб,пассажир
2082,1348,NULL,ранен,пассажир
2083,1629,NULL,цел,пассажир
2084,1424,1432,ранен,водитель
2085,487,1650,погиб,водитель
2086,1464,NULL,погиб,пассажир
2087,1306,NULL,цел,пассажир
2088,1637,NULL,ранен,пешеход
2089,1850,807,ранен,водитель
2090,1040,718,цел,водитель
2091,1273,750,цел,кучер
2092,1553,39,погиб,водитель
2093,950,NULL,погиб,пассажир
2094,948,NULL,ранен,пассажир
2095,1469,NULL,погиб,пассажир
2096,1366,905,погиб,водитель
2097,985,NULL,погиб,пассажир
2098,1805,NULL,погиб,пассажир
2099,936,NULL,погиб,пешеход
2100,868,172,ранен,кучер
2101,955,1368,погиб,водитель
2102,224,NULL,цел,пассажир
2103,444,NULL,ранен,пассажир
2104,1638,619,погиб,водитель
2105,724,NULL,погиб,пассажир
2106,659,NULL,цел,пассажир
2107,133,NULL,цел,пассажир
2108,1393,1319,погиб,водитель
2109,580,1264,цел,водитель
2110,281,NULL,ранен,пассажир
2111,829,NULL,цел,пассажир
2112,166,315,ранен,водитель
2113,207,NULL,цел,пассажир
2114,1365,NULL,погиб,пешеход
2115,1152,962,ранен,водитель
2116,1071,NULL,погиб,пассажир
2117,1465,NULL,цел,пассажир
2118,1122,NULL,цел,пешеход
2119,1473,1226,ранен,водитель
2120,1913,NULL,цел,пассажир
2121,162,NULL,погиб,пассажир
2122,191,NULL,ранен,пассажир
2123,1032,122,ранен,водитель
2124,1811,NULL,погиб,пассажир
2125,579,NULL,ранен,пешеход
2126,1707,1993,цел,велосипедист
2127,57,906,цел,водитель
2128,1711,NULL,погиб,пассажир
2129,1037,1431,ранен,водитель
2130,951,NULL,цел,пассажир
2131,1489,NULL,погиб,пассажир
2132,1570,NULL,цел,пассажир
2133,1716,NULL,цел,пассажир
2134,386,398,цел,водитель
2135,1160,1517,погиб,водитель
2136,1443,NULL,ранен,пассажир
2137,1696,NULL,цел,пассажир
2138,641,651,цел,водитель
2139,1182,1014,цел,водитель
2140,805,638,цел,водитель
2141,193,NULL,погиб,пассажир
2142,1377,1753,ранен,водитель
2143,1882,1125,цел,водитель
2144,373,297,цел,кучер
2145,1867,594,ранен,водитель
2146,1546,NULL,цел,пассажир
2147,1326,1014,погиб,водитель
2148,1333,NULL,цел,пассажир
2149,1147,923,погиб,водитель
2150,1114,606,погиб,водитель
2151,1707,NULL,цел,пассажир
2152,512,901,ранен,велосипедист
2153,592,264,погиб,водитель
2154,1447,NULL,погиб,пассажир
2155,838,NULL,цел,пешеход
2156,657,426,ранен,водитель
2157,883,NULL,погиб,пассажир
2158,1199,NULL,ранен,пассажир
2159,1288,170,погиб,водитель
2160,575,1578,погиб,водитель
2161,1902,NULL,погиб,пассажир
2162,12,NULL,ранен,пассажир
2163,1859,676,ранен,водитель
2164,1303,NULL,погиб,пассажир
2165,153,NULL,ранен,пешеход
2166,1258,1913,погиб,водитель
2167,837,NULL,цел,пешеход
2168,1232,704,ранен,велосипедист
2169,1925,962,цел,водитель
2170,822,NULL,цел,пассажир
2171,825,NULL,погиб,пассажир
2172,531,695,цел,кучер
2173,1140,1678,цел,водитель
2174,565,1658,цел,водитель
2175,1793,NULL,ранен,пассажир
2176,1414,NULL,ранен,пешеход
2177,1971,1828,погиб,водитель
2178,1012,NULL,ранен,пассажир
2179,245,NULL,погиб,пешеход
2180,783,1773,цел,водитель
2181,466,1558,цел,водитель
2182,1562,NULL,ранен,пассажир
2183,1703,NULL,погиб,пассажир
2184,1600,NULL,цел,пешеход
2185,1493,648,цел,водитель
2186,359,NULL,ранен,пассажир
2187,1441,1022,цел,водитель
2188,1611,NULL,цел,пассажир
2189,520,NULL,погиб,пассажир
2190,543,NULL,цел,пассажир
2191,853,1839,погиб,водитель
2192,1876,NULL,цел,пассажир
2193,1538,NULL,ранен,пассажир
2194,1960,NULL,ранен,пассажир
2195,1009,274,погиб,велосипедист
2196,378,1333,погиб,водитель
2197,436,NULL,ранен,пассажир
2198,1508,NULL,цел,пассажир
2199,1080,NULL,цел,пассажир
2200,82,NULL,цел,пассажир
2201,1744,930,цел,водитель
2202,1478,NULL,цел,пешеход
2203,1618,147,погиб,велосипедист
2204,156,794,погиб,водитель
2205,389,807,ранен,водитель
2206,573,NULL,погиб,пассажир
2207,1348,NULL,цел,пассажир
2208,1661,NULL,погиб,пешеход
2209,490,69,цел,кучер
2210,289,77,цел,водитель
2211,1613,NULL,ранен,пассажир
2212,1549,NULL,погиб,пассажир
2213,610,NULL,ранен,пассажир
2214,373,NULL,погиб,пешеход
2215,1085,107,погиб,водитель
2216,846,NULL,цел,пассажир
2217,937,1625,ранен,велосипедист
2218,59,1793,ранен,водитель
2219,1614,1470,цел,водитель
2220,169,NULL,ранен,пассажир
2221,1854,NULL,ранен,пассажир
2222,686,NULL,погиб,пассажир
2223,1881,1680,погиб,водитель
2224,113,NULL,цел,пассажир
2225,1278,NULL,цел,пассажир
2226,455,NULL,цел,пассажир
2227,1333,207,цел,водитель
2228,966,NULL,цел,пассажир
2229,1542,NULL,ранен,пассажир
2230,473,NULL,погиб,пассажир
2231,1136,140,цел,водитель
2232,427,NULL,погиб,пешеход
2233,1066,214,ранен,водитель
2234,1205,NULL,погиб,пассажир
2235,17,NULL,погиб,пассажир
2236,903,NULL,цел,пассажир
2237,260,40,цел,водитель
2238,1250,NULL,ранен,пассажир
2239,252,NULL,погиб,пассажир
2240,460,NULL,цел,пассажир
2241,400,NULL,ранен,пешеход
2242,1350,1604,ранен,водитель
2243,1475,1229,цел,водитель
2244,574,NULL,цел,пассажир
2245,262,637,погиб,велосипедист
2246,433,604,ранен,кучер
2247,1209,229,погиб,водитель
2248,804,1882,погиб,водитель
2249,501,NULL,цел,пассажир
2250,902,859,погиб,водитель
2251,1938,NULL,цел,пассажир
2252,1270,NULL,цел,пассажир
2253,1135,847,ранен,водитель
2254,1515,NULL,цел,пассажир
2255,981,1448,погиб,кучер
2256,1563,441,погиб,водитель
2257,1214,NULL,цел,пассажир
2258,1729,NULL,цел,пассажир
2259,1305,1015,ранен,кучер
2260,1982,1376,погиб,водитель
2261,120,NULL,погиб,пассажир
2262,1051,NULL,погиб,пассажир
2263,1286,NULL,погиб,пассажир
2264,1582,NULL,цел,пассажир
2265,683,35,цел,водитель
2266,1668,435,ранен,велосипедист
2267,778,344,погиб,водитель
2268,1860,91,цел,водитель
2269,833,NULL,ранен,пассажир
2270,1203,NULL,погиб,пассажир
2271,1384,NULL,цел,пешеход
2272,1219,1745,погиб,водитель
2273,676,578,цел,кучер
2274,1470,167,погиб,водитель
2275,1533,NULL,погиб,пассажир
2276,593,NULL,погиб,пассажир
2277,1908,NULL,погиб,пассажир
2278,652,986,ранен,водитель
2279,1844,NULL,ранен,пассажир
2280,637,643,ранен,кучер
2281,642,1634,погиб,водитель
2282,1424,1762,цел,водитель
2283,210,1976,погиб,велосипедист
2284,1742,1649,цел,водитель
2285,732,NULL,цел,пассажир
2286,748,NULL,ранен,пассажир
2287,553,834,цел,водитель
2288,699,NULL,цел,пассажир
2289,1466,NULL,цел,пассажир
2290,1562,NULL,ранен,пассажир
2291,1505,NULL,погиб,пешеход
2292,1070,359,ранен,водитель
2293,1092,1180,цел,водитель
2294,127,1163,цел,водитель
2295,826,NULL,цел,пассажир
2296,376,1115,погиб,водитель
2297,1997,NULL,ранен,пассажир
2298,1723,NULL,цел,пассажир
2299,1025,NULL,ранен,пассажир
2300,129,NULL,погиб,пассажир
2301,1938,1612,цел,водитель
2302,78,NULL,цел,пассажир
2303,1996,NULL,ранен,пассажир
2304,465,NULL,ранен,пассажир
2305,899,694,погиб,кучер
2306,1290,1019,ранен,водитель
2307,1482,203,погиб,кучер
2308,579,350,цел,водитель
2309,1229,1483,погиб,водитель
2310,1122,NULL,цел,пассажир
2311,3,NULL,ранен,пассажир
2312,1623,NULL,погиб,пешеход
2313,332,178,цел,кучер
2314,1636,485,ранен,водитель
2315,95,NULL,ранен,пассажир
2316,1871,NULL,погиб,пассажир
2317,783,NULL,погиб,пассажир
2318,854,NULL,ранен,пешеход
2319,1705,1017,ранен,водитель
2320,147,NULL,цел,пассажир
2321,860,712,цел,кучер
2322,422,1817,погиб,водитель
2323,1951,NULL,цел,пассажир
2324,709,NULL,цел,пассажир
2325,1595,1723,погиб,велосипедист
2326,1221,292,ранен,водитель
2327,1578,NULL,ранен,пассажир
2328,133,NULL,погиб,пассажир
2329,1306,555,ранен,водитель
2330,386,397,ранен,водитель
2331,92,1724,ранен,кучер
2332,638,4,ранен,водитель
2333,1906,NULL,цел,пассажир
2334,1281,NULL,цел,пассажир
2335,1433,NULL,цел,пассажир
2336,1968,NULL,ранен,пассажир
2337,1679,683,погиб,водитель
2338,1729,NULL,цел,пассажир
2339,1849,NULL,цел,пассажир
2340,1985,NULL,погиб,пассажир
2341,636,NULL,ранен,пассажир
2342,89,135,ранен,водитель
2343,402,NULL,цел,пассажир
2344,1396,NULL,погиб,пассажир
2345,208,476,ранен,водитель
2346,416,NULL,погиб,пассажир
2347,242,NULL,ранен,пешеход
2348,513,306,ранен,велосипедист
2349,1064,1978,цел,водитель
2350,19,1573,погиб,водитель
2351,647,NULL,цел,пассажир
2352,1238,NULL,погиб,пассажир
2353,457,1878,погиб,водитель
2354,1204,NULL,цел,пассажир
2355,1860,1683,ранен,водитель
2356,890,NULL,цел,пассажир
2357,1802,1739,цел,водитель
2358,381,109,цел,водитель
2359,359,NULL,погиб,пассажир
2360,1589,104,погиб,велосипедист
2361,933,717,погиб,водитель
2362,102,NULL,цел,пассажир
2363,271,NULL,ранен,пассажир
2364,630,1252,погиб,водитель
2365,1199,1050,ранен,водитель
2366,992,NULL,цел,пассажир
2367,1721,1465,цел,водитель
2368,1364,NULL,цел,пассажир
2369,121,NULL,ранен,пассажир
2370,274,NULL,цел,пешеход
2371,745,432,цел,водитель
2372,1942,NULL,цел,пассажир
2373,368,NULL,цел,пассажир
2374,1866,NULL,цел,пассажир
2375,1534,NULL,погиб,пассажир
2376,1399,1575,погиб,водитель
2377,174,NULL,цел,пассажир
2378,1689,1446,ранен,водитель
2379,429,1719,цел,водитель
2380,1493,NULL,погиб,пассажир
2381,929,NULL,погиб,пассажир
2382,868,1185,цел,водитель
2383,1480,NULL,ранен,пассажир
2384,461,49,ранен,водитель
2385,1614,1671,погиб,водитель
2386,924,NULL,цел,пассажир
2387,197,NULL,ранен,пассажир
2388,1492,1154,ранен,водитель
2389,865,NULL,ранен,пассажир
2390,1916,NULL,ранен,пассажир
2391,1167,NULL,погиб,пассажир
2392,546,NULL,ранен,пассажир
2393,1146,915,ранен,водитель
2394,1599,NULL,цел,пассажир
2395,1668,NULL,погиб,пассажир
2396,476,527,погиб,водитель
2397,1650,1922,погиб,велосипедист
2398,861,1573,ранен,водитель
2399,174,NULL,погиб,пассажир
2400,887,NULL,погиб,пассажир
2401,20,NULL,ранен,пассажир
2402,479,NULL,погиб,пассажир
2403,1057,413,цел,водитель
2404,1141,NULL,погиб,пассажир
2405,143,NULL,погиб,пассажир
2406,478,NULL,погиб,пассажир
2407,194,NULL,ранен,пешеход
2408,768,1714,ранен,водитель
2409,1339,NULL,погиб,пассажир
2410,242,NULL,цел,пассажир
2411,1872,NULL,погиб,пассажир
2412,53,1824,цел,водитель
2413,1249,NULL,цел,пассажир
2414,475,NULL,погиб,пассажир
2415,924,NULL,цел,пассажир
2416,1691,1390,погиб,водитель
2417,1582,1929,цел,водитель
2418,67,NULL,цел,пассажир
2419,641,283,цел,водитель
2420,397,723,ранен,водитель
2421,657,140,ранен,водитель
2422,381,NULL,цел,пассажир
2423,1958,490,ранен,водитель
2424,1519,111,погиб,водитель
2425,181,195,погиб,велосипедист
2426,30,661,ранен,водитель
2427,1125,NULL,цел,пассажир
2428,1335,NULL,ранен,пассажир
2429,638,NULL,погиб,пассажир
2430,1395,NULL,цел,пассажир
2431,1066,1437,цел,водитель
2432,1523,NULL,погиб,пассажир
2433,815,1123,погиб,водитель
2434,1802,1662,ранен,водитель
2435,195,NULL,цел,пассажир
2436,396,NULL,цел,пассажир
2437,557,1696,ранен,водитель
2438,202,NULL,ранен,пассажир
2439,1530,NULL,цел,пассажир
2440,1177,NULL,цел,пассажир
2441,700,NULL,цел,пешеход
2442,197,1183,ранен,водитель
2443,465,NULL,погиб,пассажир
2444,1819,NULL,цел,пешеход
2445,914,1940,цел,водитель
2446,1801,NULL,цел,пассажир
2447,1787,1902,цел,водитель
2448,517,420,ранен,водитель
2449,1963,NULL,цел,пассажир
2450,1886,1961,цел,водитель
2451,566,1443,ранен,водитель
2452,1663,NULL,погиб,пассажир
2453,437,1465,цел,водитель
2454,601,1990,погиб,велосипедист
2455,1842,801,ранен,водитель
2456,1567,NULL,ранен,пассажир
2457,731,NULL,цел,пассажир
2458,1204,NULL,ранен,пассажир
2459,670,1906,ранен,велосипедист
2460,200,1043,погиб,водитель
2461,1359,NULL,цел,пассажир
2462,1239,NULL,погиб,пассажир
2463,468,511,ранен,водитель
2464,403,NULL,погиб,пассажир
2465,1451,NULL,ранен,пассажир
2466,1955,NULL,цел,пассажир
2467,671,1301,цел,водитель
2468,1029,NULL,цел,пешеход
2469,1965,384,ранен,водитель
2470,925,1801,погиб,водитель
2471,1937,NULL,цел,пассажир
2472,1787,NULL,погиб,пассажир
2473,1220,NULL,цел,пассажир
2474,546,31,ранен,водитель
2475,130,1487,ранен,водитель
2476,78,NULL,ранен,пассажир
2477,732,NULL,ранен,пассажир
2478,636,NULL,цел,пассажир
2479,854,1533,цел,водитель
2480,1627,NULL,цел,пассажир
2481,1395,NULL,ранен,пассажир
2482,1451,NULL,погиб,пешеход
2483,1043,1081,цел,водитель
2484,1280,1729,ранен,водитель
2485,299,NULL,погиб,пассажир
2486,1920,NULL,цел,пассажир
2487,1405,NULL,ранен,пассажир
2488,268,NULL,погиб,пассажир
2489,613,479,погиб,водитель
2490,1587,NULL,погиб,пассажир
2491,1379,NULL,погиб,пассажир
2492,1032,985,погиб,велосипедист
2493,610,73,цел,водитель
2494,1334,NULL,погиб,пассажир
2495,1462,NULL,ранен,пассажир
2496,554,1967,цел,водитель
2497,1408,1764,цел,водитель
2498,1951,NULL,ранен,пассажир
2499,667,NULL,цел,пассажир
2500,1121,1416,погиб,водитель
2501,1688,NULL,ранен,пассажир
2502,437,NULL,цел,пассажир
2503,109,NULL,погиб,пассажир
2504,878,1643,цел,велосипедист
2505,418,1967,цел,водитель
2506,1793,NULL,ранен,пассажир
2507,595,NULL,цел,пешеход
2508,1854,1154,цел,водитель
2509,1975,NULL,погиб,пассажир
2510,488,895,ранен,водитель
2511,1579,NULL,погиб,пассажир
2512,1296,592,погиб,велосипедист
2513,628,656,цел,водитель
2514,195,NULL,погиб,пассажир
2515,1746,NULL,погиб,пассажир
2516,566,1747,цел,водитель
2517,787,NULL,ранен,пассажир
2518,1345,NULL,цел,пешеход
2519,347,1497,цел,водитель
2520,1680,NULL,ранен,пассажир
2521,1224,272,погиб,водитель
2522,953,NULL,цел,пассажир
2523,1426,NULL,погиб,пешеход
2524,699,260,погиб,велосипедист
2525,587,1970,погиб,водитель
2526,1719,1526,цел,водитель
2527,330,600,ранен,водитель
2528,861,NULL,цел,пассажир
2529,1113,1915,цел,кучер
2530,1415,196,ранен,водитель
2531,878,NULL,цел,пассажир
2532,1222,1726,ранен,кучер
2533,1473,1631,ранен,водитель
2534,524,NULL,погиб,пассажир
2535,1996,NULL,цел,пассажир
2536,1236,NULL,погиб,пассажир
2537,1909,NULL,погиб,пешеход
2538,705,1593,цел,водитель
2539,1777,NULL,ранен,пассажир
2540,1562,NULL,ранен,пассажир
2541,1381,NULL,ранен,пассажир
2542,446,NULL,погиб,пешеход
2543,621,1765,погиб,водитель
2544,1609,NULL,цел,пассажир
2545,1508,NULL,погиб,пассажир
2546,1726,1466,цел,водитель
2547,1350,NULL,цел,пассажир
2548,1991,NULL,погиб,пассажир
2549,1934,NULL,цел,пассажир
2550,1250,1182,ранен,водитель
2551,1017,NULL,цел,пассажир
2552,88,NULL,ранен,пассажир
2553,1275,NULL,цел,пассажир
2554,1304,1440,погиб,кучер
2555,805,1036,ранен,водитель
2556,935,NULL,цел,пассажир
2557,1518,NULL,погиб,пассажир
2558,1646,NULL,цел,пассажир
2559,858,NULL,погиб,пассажир
2560,1930,1978,погиб,водитель
2561,589,299,ранен,велосипедист
2562,1441,1268,ранен,водитель
2563,749,NULL,погиб,пассажир
2564,739,NULL,цел,пассажир
2565,1064,227,цел,кучер
2566,920,723,погиб,водитель
2567,175,NULL,ранен,пассажир
2568,1047,NULL,цел,пассажир
2569,228,NULL,погиб,пассажир
2570,1361,NULL,цел,пассажир
2571,400,805,цел,водитель
2572,1177,NULL,погиб,пассажир
2573,551,NULL,ранен,пассажир
2574,301,NULL,ранен,пассажир
2575,236,678,цел,водитель
2576,1580,NULL,ранен,пассажир
2577,1466,NULL,погиб,пассажир
2578,1561,NULL,погиб,пешеход
2579,934,1196,погиб,велосипедист
2580,381,1128,погиб,водитель
2581,307,736,цел,водитель
2582,1249,NULL,цел,пассажир
2583,450,NULL,цел,пассажир
2584,795,NULL,ранен,пассажир
2585,1923,NULL,ранен,пешеход
2586,1540,1164,цел,водитель
2587,1500,NULL,цел,пассажир
2588,1284,269,ранен,велосипедист
2589,461,824,погиб,водитель
2590,1477,1521,погиб,водитель
2591,217,NULL,погиб,пассажир
2592,24,NULL,погиб,пассажир
2593,1580,1077,цел,велосипедист
2594,1240,1357,ранен,кучер
2595,350,382,ранен,водитель
2596,874,NULL,ранен,пассажир
2597,426,NULL,ранен,пассажир
2598,390,685,цел,водитель
2599,1936,1762,цел,водитель
2600,850,NULL,цел,пассажир
2601,1271,NULL,ранен,пассажир
2602,1431,NULL,цел,пассажир
2603,990,1163,ранен,водитель
2604,1201,NULL,погиб,пассажир
2605,1667,NULL,погиб,пассажир
2606,460,NULL,ранен,пассажир
2607,499,NULL,погиб,пассажир
2608,743,470,погиб,водитель
2609,505,NULL,ранен,пассажир
2610,1774,297,цел,кучер
2611,1067,517,ранен,водитель
2612,790,458,ранен,кучер
2613,1324,85,цел,водитель
2614,1810,NULL,погиб,пассажир
2615,661,NULL,погиб,пассажир
2616,1580,NULL,цел,пешеход
2617,1995,1087,цел,водитель
2618,216,NULL,ранен,пассажир
2619,772,NULL,погиб,пассажир
2620,1958,NULL,цел,пассажир
2621,1712,979,цел,водитель
2622,203,NULL,погиб,пассажир
2623,1778,1808,погиб,кучер
2624,705,493,ранен,водитель
2625,1333,NULL,ранен,пассажир
2626,823,1809,ранен,водитель
2627,1222,359,цел,водитель
2628,225,NULL,ранен,пассажир
2629,1433,NULL,цел,пассажир
2630,1154,NULL,погиб,пассажир
2631,1363,575,цел,водитель
2632,784,NULL,цел,пассажир
2633,533,1823,ранен,водитель
2634,296,NULL,ранен,пассажир
2635,322,NULL,цел,пассажир
2636,125,870,цел,водитель
2637,425,NULL,погиб,пассажир
2638,633,1698,ранен,водитель
2639,1564,NULL,цел,пассажир
2640,822,NULL,ранен,пассажир
2641,1269,NULL,ранен,пассажир
2642,1021,NULL,погиб,пешеход
2643,1651,438,погиб,водитель
2644,1942,NULL,цел,пассажир
2645,47,NULL,цел,пассажир
2646,942,NULL,ранен,пассажир
2647,327,720,погиб,кучер
2648,1736,18,ранен,водитель
2649,970,NULL,ранен,пассажир
2650,515,NULL,погиб,пассажир
2651,1047,NULL,цел,пассажир
2652,937,1115,цел,водитель
2653,1933,NULL,погиб,пассажир
2654,1340,1491,погиб,водитель
2655,1956,NULL,погиб,пассажир
2656,389,NULL,ранен,пешеход
2657,1129,1228,цел,водитель
2658,558,NULL,ранен,пассажир
2659,784,37,погиб,водитель
2660,1056,NULL,цел,пассажир
2661,1585,NULL,ранен,пассажир
2662,1495,NULL,цел,пассажир
2663,472,NULL,погиб,пассажир
2664,755,1416,ранен,водитель
2665,1480,NULL,ранен,пассажир
2666,1432,NULL,цел,пассажир
2667,598,NULL,погиб,пассажир
2668,574,1591,погиб,водитель
2669,1564,NULL,ранен,пассажир
2670,2,NULL,ранен,пешеход
2671,1363,813,ранен,водитель
2672,1644,NULL,ранен,пассажир
2673,390,1648,погиб,водитель
2674,460,397,погиб,водитель
2675,1599,NULL,погиб,пассажир
2676,549,NULL,цел,пассажир
2677,173,NULL,погиб,пассажир
2678,255,NULL,цел,пассажир
2679,1267,591,ранен,водитель
2680,1016,296,цел,водитель
2681,1208,NULL,погиб,пассажир
2682,1752,NULL,ранен,пассажир
2683,1037,1791,погиб,водитель
2684,942,493,цел,водитель
2685,856,NULL,цел,пассажир
2686,954,NULL,цел,пассажир
2687,633,1996,погиб,кучер
2688,1223,1442,ранен,водитель
2689,445,NULL,ранен,пассажир
2690,53,992,ранен,водитель
2691,1626,NULL,ранен,пассажир
2692,1465,1468,цел,кучер
2693,1436,828,цел,водитель
2694,1780,NULL,ранен,пассажир
2695,1335,NULL,погиб,пешеход
2696,496,682,цел,кучер
2697,1617,1697,ранен,водитель
2698,126,NULL,погиб,пассажир
2699,1318,NULL,ранен,пассажир
2700,1307,NULL,цел,пассажир
2701,1698,NULL,погиб,пассажир
2702,620,87,ранен,водитель
2703,1487,609,погиб,водитель
2704,1503,NULL,цел,пешеход
2705,845,782,погиб,водитель
2706,111,NULL,цел,пассажир
2707,665,NULL,ранен,пассажир
2708,624,566,цел,водитель
2709,1347,NULL,цел,пассажир
2710,86,NULL,ранен,пешеход
2711,40,876,цел,водитель
2712,207,209,погиб,водитель
2713,1646,NULL,цел,пассажир
2714,1083,NULL,погиб,пассажир
2715,402,NULL,погиб,пассажир
2716,462,NULL,ранен,пассажир
2717,1179,110,цел,водитель
2718,14,1715,ранен,водитель
2719,70,1087,погиб,водитель
2720,659,NULL,цел,пассажир
2721,1995,1156,погиб,водитель
2722,734,NULL,цел,пассажир
2723,1741,NULL,ранен,пассажир
2724,1019,NULL,цел,пассажир
2725,1780,1042,цел,кучер
2726,1336,1123,цел,водитель
2727,511,NULL,ранен,пассажир
2728,935,NULL,цел,пассажир
2729,1086,NULL,погиб,пассажир
2730,1622,836,цел,водитель
2731,397,NULL,цел,пассажир
2732,1016,1879,погиб,водитель
2733,970,NULL,погиб,пассажир
2734,1840,NULL,погиб,пассажир
2735,1619,1964,цел,водитель
2736,604,NULL,цел,пассажир
2737,916,1150,ранен,водитель
2738,787,NULL,цел,пассажир
2739,965,NULL,цел,пассажир
2740,1308,NULL,погиб,пассажир
2741,110,391,ранен,водитель
2742,1336,170,ранен,водитель
2743,1789,NULL,цел,пешеход
2744,208,403,ранен,водитель
2745,1125,1954,ранен,водитель
2746,1186,NULL,ранен,пассажир
2747,1772,477,погиб,водитель
2748,937,1513,цел,водитель
2749,138,NULL,цел,пассажир
2750,777,1774,ранен,велосипедист
2751,1625,1097,ранен,водитель
2752,1681,NULL,погиб,пассажир
2753,1406,NULL,цел,пассажир
2754,141,NULL,цел,пассажир
2755,111,NULL,ранен,пассажир
2756,1619,935,погиб,водитель
2757,242,NULL,ранен,пассажир
2758,1352,1611,ранен,велосипедист
2759,1189,1035,цел,кучер
2760,1582,57,цел,водитель
2761,1223,NULL,ранен,пассажир
2762,1169,NULL,ранен,пассажир
2763,1193,NULL,погиб,пассажир
2764,1385,NULL,погиб,пассажир
2765,748,241,ранен,водитель
2766,1998,NULL,погиб,пассажир
2767,750,1007,погиб,велосипедист
2768,1666,1914,ранен,водитель
2769,35,NULL,погиб,пассажир
2770,1866,1048,погиб,водитель
2771,1712,1769,погиб,водитель
2772,1240,NULL,ранен,пассажир
2773,1223,NULL,погиб,пассажир
2774,874,NULL,погиб,пассажир
2775,695,67,цел,водитель
2776,493,NULL,цел,пассажир
2777,1542,906,цел,водитель
2778,512,NULL,цел,пассажир
2779,1569,NULL,погиб,пешеход
2780,333,372,цел,водитель
2781,737,NULL,ранен,пассажир
2782,742,NULL,погиб,пассажир
2783,1630,NULL,ранен,пассажир
2784,562,NULL,погиб,пассажир
2785,789,1307,ранен,водитель
2786,497,NULL,цел,пассажир
2787,1846,NULL,погиб,пассажир
2788,852,NULL,ранен,пассажир
2789,1777,NULL,погиб,пассажир
2790,1240,995,ранен,водитель
2791,705,NULL,ранен,пассажир
2792,676,NULL,погиб,пассажир
2793,1753,NULL,погиб,пассажир
2794,102,NULL,цел,пассажир
2795,1556,28,ранен,водитель
2796,1842,1618,ранен,водитель
2797,486,NULL,ранен,пассажир
2798,323,NULL,погиб,пассажир
2799,1113,1546,цел,водитель
2800,1968,NULL,ранен,пассажир
2801,663,NULL,цел,пассажир
2802,45,141,цел,водитель
2803,647,NULL,ранен,пассажир
2804,113,NULL,погиб,пассажир
2805,1854,NULL,ранен,пассажир
2806,1813,NULL,цел,пешеход
2807,166,1117,ранен,водитель
2808,610,NULL,цел,пассажир
2809,1630,NULL,погиб,пассажир
2810,225,NULL,погиб,пассажир
2811,840,NULL,погиб,пассажир
2812,1253,484,погиб,водитель
2813,1280,NULL,погиб,пассажир
2814,1674,NULL,погиб,пассажир
2815,752,NULL,ранен,пассажир
2816,1480,NULL,цел,пассажир
2817,116,1824,ранен,водитель
2818,777,NULL,погиб,пешеход
2819,1932,1009,ранен,водитель
2820,1748,467,цел,велосипедист
2821,554,1921,погиб,водитель
2822,797,NULL,ранен,пассажир
2823,1164,NULL,цел,пассажир
2824,264,1064,цел,кучер
2825,1739,1443,цел,водитель
2826,636,NULL,цел,пассажир
2827,215,1482,цел,водитель
2828,868,1303,погиб,водитель
2829,92,1666,ранен,водитель
2830,1248,NULL,ранен,пассажир
2831,953,1333,цел,водитель
2832,1924,NULL,цел,пассажир
2833,485,820,цел,водитель
2834,604,NULL,погиб,пассажир
2835,333,NULL,ранен,пассажир
2836,1284,NULL,ранен,пассажир
2837,1089,NULL,погиб,пассажир
2838,1939,1043,ранен,водитель
2839,1739,1177,погиб,водитель
2840,823,NULL,погиб,пассажир
2841,192,NULL,погиб,пассажир
2842,628,1893,погиб,водитель
2843,142,533,цел,водитель
2844,495,536,цел,водитель
2845,127,728,погиб,водитель
2846,104,NULL,цел,пассажир
2847,1527,NULL,погиб,пассажир
2848,1503,NULL,ранен,пассажир
2849,559,NULL,ранен,пешеход
2850,495,1228,погиб,водитель
2851,1419,NULL,погиб,пассажир
2852,1511,NULL,цел,пассажир
2853,1133,1046,погиб,водитель
2854,758,NULL,цел,пассажир
2855,1325,NULL,погиб,пассажир
2856,121,NULL,ранен,пассажир
2857,1880,1862,погиб,велосипедист
2858,117,1166,ранен,водитель
2859,563,NULL,цел,пассажир
2860,310,NULL,погиб,пассажир
2861,1064,NULL,ранен,пешеход
2862,1278,1091,ранен,кучер
2863,417,779,ранен,водитель
2864,194,NULL,ранен,пассажир
2865,307,NULL,цел,пассажир
2866,1478,1097,ранен,водитель
2867,535,NULL,погиб,пассажир
2868,1010,NULL,ранен,пассажир
2869,1770,NULL,погиб,пассажир
2870,10,NULL,погиб,пассажир
2871,246,1258,цел,водитель
2872,507,NULL,погиб,пассажир
2873,1725,NULL,цел,пассажир
2874,1515,1414,ранен,велосипедист
2875,234,1415,погиб,водитель
2876,1719,NULL,цел,пассажир
2877,1408,NULL,погиб,пассажир
2878,1109,NULL,цел,пассажир
2879,939,926,погиб,водитель
2880,244,NULL,цел,пассажир
2881,270,NULL,ранен,пассажир
2882,888,NULL,цел,пассажир
2883,1221,736,ранен,водитель
2884,1327,NULL,погиб,пассажир
2885,216,738,цел,водитель
2886,1894,NULL,цел,пассажир
2887,807,NULL,ранен,пассажир
2888,931,NULL,ранен,пассажир
2889,734,1787,цел,кучер
2890,1496,1313,ранен,водитель
2891,1582,NULL,цел,пассажир
2892,631,NULL,цел,пешеход
2893,1377,1936,цел,водитель
2894,1602,NULL,ранен,пассажир
2895,1977,NULL,ранен,пассажир
2896,629,NULL,ранен,пассажир
2897,468,1676,цел,водитель
2898,1488,1017,цел,водитель
2899,1409,NULL,погиб,пассажир
2900,865,NULL,цел,пассажир
2901,1415,866,погиб,велосипедист
2902,898,971,ранен,водитель
2903,1645,NULL,цел,пассажир
2904,1717,NULL,цел,пассажир
2905,141,NULL,цел,пассажир
2906,730,NULL,погиб,пассажир
2907,255,864,погиб,водитель
2908,356,NULL,цел,пассажир
2909,1457,NULL,ранен,пассажир
2910,1885,1749,цел,водитель
2911,543,NULL,ранен,пассажир
2912,1646,NULL,ранен,пассажир
2913,1808,337,цел,кучер
2914,916,190,ранен,водитель
2915,1375,NULL,погиб,пассажир
2916,1013,NULL,ранен,пассажир
2917,1191,609,цел,водитель
2918,241,1090,погиб,водитель
2919,32,NULL,погиб,пассажир
2920,434,1819,погиб,водитель
2921,139,NULL,цел,пассажир
2922,1741,1274,погиб,водитель
2923,821,NULL,погиб,пассажир
2924,1922,NULL,цел,пассажир
2925,1584,1730,ранен,велосипедист
2926,209,395,погиб,кучер
2927,1693,53,цел,водитель
2928,1932,NULL,ранен,пассажир
2929,1248,NULL,погиб,пассажир
2930,18,NULL,цел,пассажир
2931,1278,NULL,ранен,пешеход
2932,924,1097,цел,водитель
2933,466,124,погиб,водитель
2934,1354,NULL,цел,пассажир
2935,822,NULL,погиб,пешеход
2936,1106,259,погиб,водитель
2937,1074,NULL,погиб,пассажир
2938,935,NULL,погиб,пассажир
2939,1605,NULL,ранен,пассажир
2940,1273,395,погиб,кучер
2941,1567,264,цел,водитель
2942,311,NULL,цел,пассажир
2943,690,NULL,ранен,пассажир
2944,1368,643,ранен,кучер
2945,653,551,погиб,водитель
2946,1889,1019,ранен,водитель
2947,443,NULL,погиб,пассажир
2948,430,NULL,погиб,пешеход
2949,801,289,цел,водитель
2950,718,66,ранен,водитель
2951,182,NULL,ранен,пассажир
2952,1887,NULL,ранен,пассажир
2953,1478,NULL,ранен,пассажир
2954,984,1848,погиб,водитель
2955,78,502,ранен,водитель
2956,1819,NULL,ранен,пассажир
2957,1827,NULL,цел,пассажир
2958,705,NULL,ранен,пассажир
2959,246,1378,цел,водитель
2960,605,82,цел,водитель
2961,568,NULL,ранен,пассажир
2962,695,NULL,цел,пассажир
2963,1641,NULL,погиб,пассажир
2964,1949,1940,ранен,водитель
2965,1398,NULL,ранен,пассажир
2966,931,NULL,цел,пассажир
2967,886,260,ранен,велосипедист
2968,331,980,цел,кучер
2969,1958,347,погиб,водитель
2970,1774,1641,ранен,водитель
2971,832,NULL,цел,пассажир
2972,671,648,ранен,водитель
2973,997,NULL,погиб,пассажир
2974,34,NULL,ранен,пассажир
2975,1218,NULL,цел,пассажир
2976,1951,43,ранен,кучер
2977,1889,618,погиб,водитель
2978,1808,1197,ранен,водитель
2979,122,NULL,погиб,пассажир
2980,1831,NULL,цел,пассажир
2981,916,NULL,погиб,пассажир
2982,1066,183,цел,водитель
2983,222,596,цел,велосипедист
2984,605,1721,погиб,водитель
2985,1281,NULL,погиб,пассажир
2986,1876,NULL,цел,пешеход
2987,1631,1738,ранен,велосипедист
2988,558,1151,цел,водитель
2989,709,NULL,цел,пассажир
2990,108,NULL,погиб,пассажир
2991,1175,NULL,ранен,пассажир
2992,851,NULL,погиб,пассажир
2993,1347,1970,ранен,водитель
2994,1550,NULL,ранен,пассажир
2995,1354,NULL,ранен,пассажир
2996,618,189,ранен,велосипедист
2997,953,669,погиб,водитель
2998,468,NULL,цел,пассажир
2999,275,NULL,ранен,пассажир
3000,1895,NULL,цел,пассажир
3001,557,NULL,ранен,пассажир
3002,1852,1024,погиб,водитель
3003,1834,NULL,ранен,пассажир
3004,1927,169,ранен,водитель
3005,1752,NULL,цел,пассажир
3006,1978,NULL,ранен,пешеход
3007,1181,1815,ранен,велосипедист
3008,620,1247,цел,кучер
3009,1537,1226,ранен,водитель
3010,1626,NULL,ранен,пассажир
3011,557,1901,цел,водитель
3012,1556,1424,ранен,водитель
3013,1073,NULL,ранен,пассажир
3014,558,1587,ранен,водитель
3015,1277,NULL,ранен,пассажир
3016,367,NULL,ранен,пассажир
3017,551,NULL,цел,пассажир
3018,1865,1283,ранен,водитель
3019,1502,NULL,погиб,пассажир
3020,1090,NULL,погиб,пассажир
3021,75,NULL,ранен,пешеход
3022,468,1331,погиб,водитель
3023,1699,NULL,цел,пассажир
3024,1922,NULL,погиб,пассажир
3025,1499,785,ранен,водитель
3026,1401,NULL,ранен,пассажир
3027,364,NULL,цел,пассажир
3028,990,1393,цел,водитель
3029,30,NULL,цел,пассажир
3030,820,1623,ранен,водитель
3031,1347,NULL,ранен,пассажир
3032,1364,NULL,цел,пассажир
3033,685,NULL,погиб,пассажир
3034,1222,432,цел,водитель
3035,892,NULL,ранен,пассажир
3036,914,NULL,ранен,пешеход
3037,1693,579,ранен,велосипедист
3038,455,373,погиб,водитель
3039,852,NULL,погиб,пассажир
3040,226,NULL,цел,пассажир
3041,1345,NULL,цел,пассажир
3042,620,668,ранен,водитель
3043,1162,NULL,цел,пассажир
3044,418,NULL,ранен,пассажир
3045,817,NULL,цел,пассажир
3046,1269,NULL,цел,пассажир
3047,216,826,погиб,водитель
3048,1465,NULL,цел,пассажир
3049,1441,NULL,цел,пассажир
3050,731,NULL,ранен,пассажир
3051,211,999,погиб,водитель
3052,493,NULL,погиб,пешеход
3053,87,1029,погиб,велосипедист
3054,350,576,ранен,водитель
3055,1233,1179,цел,водитель
3056,667,NULL,цел,пассажир
3057,1186,NULL,погиб,пассажир
3058,334,540,цел,водитель
3059,1548,NULL,ранен,пассажир
3060,548,NULL,погиб,пассажир
3061,182,NULL,цел,пассажир
3062,57,1515,ранен,водитель
3063,202,NULL,цел,пассажир
3064,1087,608,цел,водитель
3065,1627,NULL,погиб,пассажир
3066,666,NULL,ранен,пешеход
3067,745,887,погиб,велосипедист
3068,651,1123,цел,водитель
3069,691,NULL,цел,пассажир
3070,1540,NULL,ранен,пассажир
3071,1271,NULL,ранен,пассажир
3072,67,445,цел,кучер
3073,1689,911,цел,водитель
3074,1222,NULL,цел,пассажир
3075,781,286,погиб,водитель
3076,690,NULL,цел,пассажир
3077,833,NULL,погиб,пассажир
3078,1942,1230,ранен,водитель
3079,367,NULL,ранен,пассажир
3080,769,NULL,цел,пассажир
3081,1483,NULL,погиб,пассажир
3082,1376,311,погиб,водитель
3083,1250,NULL,цел,пассажир
3084,914,671,ранен,водитель
3085,1959,NULL,ранен,пассажир
3086,1582,NULL,цел,пассажир
3087,905,NULL,цел,пассажир
3088,1443,1402,ранен,водитель
3089,1736,NULL,ранен,пассажир
3090,1740,NULL,цел,пассажир
3091,492,NULL,ранен,пассажир
3092,334,1480,ранен,водитель
3093,1793,1686,цел,водитель
3094,1932,NULL,цел,пассажир
3095,1275,NULL,погиб,пассажир
3096,260,290,ранен,водитель
3097,1034,NULL,ранен,пассажир
3098,1580,NULL,цел,пассажир
3099,790,798,ранен,водитель
3100,1500,NULL,цел,пассажир
3101,1081,NULL,погиб,пассажир
3102,414,NULL,ранен,пассажир
3103,1515,NULL,цел,пассажир
3104,624,785,цел,водитель
3105,651,NULL,погиб,пешеход
3106,236,263,цел,велосипедист
3107,660,1844,погиб,водитель
3108,89,1132,погиб,велосипедист
3109,1678,351,ранен,водитель
3110,580,NULL,ранен,пассажир
3111,1485,NULL,цел,пассажир
3112,271,NULL,ранен,пассажир
3113,584,NULL,погиб,пешеход
3114,1952,1857,погиб,водитель
3115,1678,476,погиб,водитель
3116,748,NULL,цел,пассажир
3117,158,NULL,погиб,пассажир
3118,1255,1439,цел,велосипедист
3119,728,993,погиб,водитель
3120,807,NULL,ранен,пассажир
3121,1977,1854,погиб,водитель
3122,646,NULL,ранен,пассажир
3123,637,573,погиб,кучер
3124,1942,889,цел,водитель
3125,1270,1727,цел,водитель
3126,1436,NULL,ранен,пассажир
3127,1260,NULL,цел,пассажир
3128,1096,NULL,ранен,пассажир
3129,1292,1828,погиб,водитель
3130,275,NULL,цел,пассажир
3131,1740,NULL,ранен,пассажир
3132,1792,NULL,ранен,пассажир
3133,802,232,ранен,велосипедист
3134,92,151,цел,водитель
3135,375,894,ранен,водитель
3136,1019,NULL,цел,пассажир
3137,1743,NULL,ранен,пассажир
3138,65,1370,погиб,водитель
3139,44,392,ранен,кучер
3140,1383,98,ранен,водитель
3141,1996,854,погиб,велосипедист
3142,247,1781,цел,кучер
3143,1096,848,цел,водитель
3144,1043,1220,погиб,водитель
3145,1789,NULL,цел,пассажир
3146,859,NULL,ранен,пассажир
3147,1153,NULL,ранен,пассажир
3148,1938,NULL,погиб,пассажир
3149,1509,1185,погиб,водитель
3150,1153,NULL,погиб,пассажир
3151,117,1665,погиб,водитель
3152,1322,607,цел,водитель
3153,1135,1117,цел,водитель
3154,1546,NULL,цел,пассажир
3155,227,NULL,ранен,пассажир
3156,233,NULL,цел,пассажир
3157,1378,1242,погиб,кучер
3158,331,213,погиб,водитель
3159,1093,NULL,погиб,пассажир
3160,1344,NULL,цел,пассажир
3161,748,NULL,погиб,пассажир
3162,1834,NULL,ранен,пассажир
3163,215,1183,ранен,водитель
3164,652,1618,ранен,водитель
3165,1586,NULL,цел,пассажир
3166,1949,NULL,погиб,пассажир
3167,348,NULL,погиб,пассажир
3168,1441,1805,цел,водитель
3169,1539,NULL,цел,пассажир
3170,301,NULL,цел,пассажир
3171,558,NULL,погиб,пассажир
3172,1586,3,погиб,водитель
3173,1944,NULL,цел,пассажир
3174,1285,738,погиб,водитель
3175,884,1764,ранен,водитель
3176,646,NULL,ранен,пешеход
3177,1302,519,цел,водитель
3178,1542,NULL,цел,пассажир
3179,873,NULL,ранен,пассажир
3180,561,NULL,ранен,пассажир
3181,1282,25,цел,водитель
3182,546,1588,погиб,кучер
3183,1475,1900,цел,водитель
3184,1322,NULL,погиб,пассажир
3185,1528,NULL,погиб,пассажир
3186,1456,NULL,ранен,пассажир
3187,1682,936,ранен,водитель
3188,1927,316,погиб,водитель
3189,636,NULL,цел,пассажир
3190,1580,NULL,погиб,пассажир
3191,452,1684,цел,водитель
3192,1610,NULL,ранен,пассажир
3193,1735,NULL,ранен,пассажир
3194,1015,NULL,ранен,пассажир
3195,898,NULL,ранен,пассажир
3196,594,1146,цел,водитель
3197,978,908,погиб,велосипедист
3198,1517,50,погиб,водитель
3199,366,207,цел,водитель
3200,418,NULL,погиб,пассажир
3201,304,1218,погиб,водитель
3202,1719,NULL,цел,пассажир
3203,1512,NULL,погиб,пассажир
3204,755,1836,цел,водитель
3205,806,NULL,ранен,пассажир
3206,463,1129,погиб,водитель
3207,896,NULL,цел,пассажир
3208,15,NULL,ранен,пассажир
3209,281,631,погиб,водитель
3210,1856,NULL,цел,пассажир
3211,1047,1679,погиб,велосипедист
3212,366,204,цел,водитель
3213,1965,894,ранен,водитель
3214,531,NULL,цел,пассажир
3215,1347,NULL,цел,пешеход
3216,1363,75,цел,велосипедист
3217,1179,1279,погиб,водитель
3218,505,513,цел,водитель
3219,1073,NULL,ранен,пассажир
3220,1562,NULL,погиб,пассажир
3221,321,NULL,погиб,пассажир
3222,1548,884,погиб,водитель
3223,1350,865,погиб,водитель
3224,48,NULL,цел,пассажир
3225,62,NULL,цел,пассажир
3226,706,1162,ранен,водитель
3227,1904,NULL,погиб,пассажир
3228,1946,NULL,цел,пассажир
3229,237,NULL,погиб,пассажир
3230,949,1868,цел,водитель
3231,1585,NULL,ранен,пассажир
3232,1965,NULL,погиб,пассажир
3233,92,578,погиб,кучер
3234,1053,113,цел,водитель
3235,227,NULL,цел,пассажир
3236,285,757,погиб,водитель
3237,1629,NULL,цел,пассажир
3238,30,889,цел,водитель
3239,267,NULL,погиб,пассажир
3240,949,NULL,погиб,пассажир
3241,1801,NULL,цел,пассажир
3242,1,NULL,погиб,пассажир
3243,580,1175,цел,водитель
3244,657,1430,ранен,водитель
3245,1645,NULL,цел,пешеход
3246,112,1592,погиб,велосипедист
3247,1290,585,ранен,кучер
3248,150,1125,цел,водитель
3249,291,NULL,ранен,пассажир
3250,1897,NULL,погиб,пешеход
3251,197,1909,ранен,водитель
3252,1610,NULL,погиб,пассажир
3253,1050,NULL,ранен,пассажир
3254,313,NULL,погиб,пешеход
3255,553,665,погиб,кучер
3256,170,1356,цел,водитель
3257,712,NULL,ранен,пассажир
3258,1567,NULL,погиб,пассажир
3259,485,634,ранен,водитель
3260,622,NULL,цел,пешеход
3261,286,1485,ранен,водитель
3262,1417,NULL,погиб,пассажир
3263,667,NULL,ранен,пассажир
3264,1647,NULL,погиб,пассажир
3265,886,602,погиб,велосипедист
3266,1221,1734,погиб,водитель
3267,1479,NULL,погиб,пассажир
3268,244,NULL,цел,пассажир
3269,1496,NULL,ранен,пассажир
3270,3,416,цел,кучер
3271,1994,361,цел,водитель
3272,1616,NULL,погиб,пассажир
3273,705,161,цел,водитель
3274,2,NULL,ранен,пассажир
3275,1850,NULL,ранен,пассажир
3276,527,NULL,ранен,пассажир
3277,429,734,погиб,водитель
3278,1328,NULL,погиб,пассажир
3279,57,NULL,погиб,пассажир
3280,668,NULL,цел,пассажир
3281,407,863,ранен,велосипедист
3282,1939,1657,ранен,водитель
3283,1054,NULL,цел,пассажир
3284,663,NULL,погиб,пассажир
3285,259,NULL,погиб,пассажир
3286,1970,400,погиб,водитель
3287,876,NULL,цел,пассажир
3288,1199,279,цел,водитель
3289,275,NULL,погиб,пассажир
3290,1019,NULL,цел,пассажир
3291,1050,NULL,ранен,пассажир
3292,1682,1636,погиб,водитель
3293,1272,NULL,погиб,пешеход
3294,1705,1535,ранен,велосипедист
3295,1804,938,ранен,кучер
3296,1759,815,погиб,водитель
3297,523,NULL,погиб,пассажир
3298,990,NULL,цел,пассажир
3299,1546,NULL,ранен,пассажир
3300,1333,1249,ранен,велосипедист
3301,1079,1472,цел,водитель
3302,1184,NULL,цел,пассажир
3303,1232,NULL,погиб,пассажир
3304,497,NULL,цел,пассажир
3305,452,NULL,погиб,пассажир
3306,107,789,ранен,водитель
3307,1250,527,цел,водитель
3308,951,NULL,погиб,пассажир
3309,909,NULL,ранен,пассажир
3310,1022,NULL,погиб,пассажир
3311,485,1463,ранен,водитель
3312,1222,1263,цел,водитель
3313,88,NULL,погиб,пассажир
3314,1492,NULL,цел,пассажир
3315,155,NULL,погиб,пассажир
3316,1053,509,цел,водитель
3317,1087,NULL,погиб,пассажир
3318,294,588,погиб,кучер
3319,1774,451,ранен,водитель
3320,649,1203,ранен,кучер
3321,557,1478,цел,водитель
3322,1856,NULL,ранен,пассажир
3323,698,NULL,ранен,пассажир
3324,189,NULL,погиб,пассажир
3325,622,731,цел,водитель
3326,1005,509,ранен,водитель
3327,1486,NULL,ранен,пассажир
3328,589,1809,ранен,водитель
3329,1370,NULL,погиб,пассажир
3330,244,1767,цел,водитель
3331,1842,1321,цел,водитель
3332,260,1924,цел,водитель
3333,326,NULL,ранен,пассажир
3334,624,NULL,цел,пешеход
3335,1993,257,погиб,водитель
3336,1942,NULL,цел,пассажир
3337,1557,NULL,погиб,пассажир
3338,1653,1293,цел,водитель
3339,145,NULL,ранен,пассажир
3340,278,510,погиб,водитель
3341,253,NULL,погиб,пассажир
3342,1424,1842,погиб,водитель
3343,296,18,ранен,водитель
3344,1064,1439,погиб,велосипедист
3345,1719,1693,ранен,кучер
3346,963,174,цел,водитель
3347,136,NULL,ранен,пассажир
3348,154,NULL,цел,пассажир
3349,891,NULL,ранен,пассажир
3350,971,NULL,погиб,пассажир
3351,98,129,цел,водитель
3352,396,NULL,погиб,пассажир
3353,1200,NULL,ранен,пассажир
3354,264,104,погиб,велосипедист
3355,1963,1492,цел,водитель
3356,798,NULL,цел,пассажир
3357,956,NULL,погиб,пассажир
3358,213,NULL,ранен,пассажир
3359,1342,NULL,погиб,пешеход
3360,665,949,ранен,водитель
3361,820,1471,цел,водитель
3362,1748,NULL,ранен,пассажир
3363,700,NULL,погиб,пассажир
3364,1867,NULL,ранен,пассажир
3365,139,1961,цел,водитель
3366,1067,NULL,ранен,пассажир
3367,1673,NULL,цел,пешеход
3368,579,451,ранен,водитель
3369,215,229,погиб,водитель
3370,1552,NULL,погиб,пассажир
3371,1421,NULL,погиб,пассажир
3372,1742,1584,ранен,велосипедист
