722,гужевой транспорт,Буйволы,NULL,NULL,NULL,NULL
80,автобус,РАФ,JX108,1997,8329775325,черный
349,велосипед,Polisport,VO24,1989,NULL,зеленый
1552,автобус,ГАЗ,BG14,2000,9860372370,черный
1602,мотоцикл,Irbis,NI106,2005,9307172762,желтый
488,гужевой транспорт,Ослы,NULL,NULL,NULL,NULL
1538,грузовой автомобиль,MAN,SU106,2014,0787535067,зеленый
1722,велосипед,Scott,BQ99,2002,NULL,черный
669,легковой автомобиль,Tayota,AG97,2006,8092332016,фиолетовый
1934,автобус,ЛАЗ,QV68,2015,5469939011,белый
112,велосипед,Eltreco,LB14,1999,NULL,белый
837,мотоцикл,Yamaha,BN44,2003,8317734753,зеленый
1923,грузовой автомобиль,Тонор,OX62,2009,9761103028,синий
296,трамвай,Коломенский завод,VM11,1982,1512801828,желтый
1806,троллейбус,ГАЗ,MF12,1990,9393206307,красный
1498,троллейбус,ЗИЛ,MM84,2018,6534836323,красный
949,троллейбус,ЗИЛ,JK11,1991,8025216125,фиолетовый
1895,трамвай,Новокузнецкий ВСЗ,SA81,2012,6984094324,оранжевый
793,легковой автомобиль,Lifan,OW63,2003,1658253676,фиолетовый
1851,поезд,Уралтрансмаш,GO36,2013,9065137665,розовый
519,мотоцикл,Honda,QY510,2016,4351911721,оранжевый
530,грузовой автомобиль,Foton,DB31,1995,9286066972,желтый
1242,поезд,Рузхиммаш,JV08,1991,3207254219,розовый
1192,гужевой транспорт,Собаки,NULL,NULL,NULL,NULL
1512,трамвай,Новокузнецкий ВСЗ,GH310,1987,3167126476,черный
1466,поезд,Новокузнецкий ВСЗ,XN107,2013,4035481292,желтый
1120,троллейбус,ЛАЗ,DJ71,2002,5141794351,серебристый
1851,автобус,РАФ,JN106,2008,8147567622,зеленый
679,автобус,ЛАЗ,MX63,1984,6694421879,серебристый
1354,поезд,Уралтрансмаш,DW25,2007,5714993959,белый
497,троллейбус,РАФ,DB13,2018,2473577249,коричневый
1332,грузовой автомобиль,БелАз,MQ310,2018,4261532155,голубый
1429,мотоцикл,Suzuki,NX104,1990,8841882932,оранжевый
1808,автобус,ЛАЗ,VN82,1982,0754608674,желтый
1263,автобус,ЛАЗ,WV14,2004,7766435273,розовый
657,мотоцикл,Kawasaki,OS49,2005,4645627371,черный
947,мотоцикл,Harley-Davidson,RQ48,1988,5766518464,белый
113,мотоцикл,BMW,CO26,2008,8738567076,синий
1725,велосипед,Eltreco,GR49,2016,NULL,коричневый
718,мотоцикл,BMW,NX70,2006,0705120894,голубый
235,велосипед,Maxiscoo,DB31,2011,NULL,белый
252,троллейбус,РАФ,JJ31,2012,1482555606,оранжевый
1729,троллейбус,ЗИЛ,LB10,1993,6970401415,желтый
456,мотоцикл,Honda,NJ52,1990,9260197761,синий
1728,поезд,Уралтрансмаш,TI19,1998,7315104749,золотой
950,гужевой транспорт,Мулы,NULL,NULL,NULL,NULL
1987,грузовой автомобиль,MAZ,SD39,1995,1801485715,коричневый
328,мотоцикл,Triumph,RD19,1998,9275439595,желтый
1567,троллейбус,ЛАЗ,KF43,1987,9943198044,золотой
1142,грузовой автомобиль,MAZ,NS71,1997,7702842494,оранжевый
1315,велосипед,Eltreco,AR31,2011,NULL,коричневый
1591,легковой автомобиль,Ferrari,ES89,1983,0906729713,голубый
361,автобус,ЛАЗ,VC07,1997,0627939292,коричневый
248,мотоцикл,Triumph,XG97,1984,0572899260,розовый
172,легковой автомобиль,Jaguar,KH310,1982,2166722671,коричневый
257,мотоцикл,Suzuki,KZ94,2009,4524295154,черный
1925,легковой автомобиль,Land Rover,IX84,2010,3574592631,фиолетовый
1834,мотоцикл,Harley-Davidson,SB03,2006,2777936279,желтый
1218,мотоцикл,Hero,AU71,1989,0647337913,голубый
1124,легковой автомобиль,Corvette,KY22,2017,6850587779,розовый
1501,автобус,РАФ,II104,2009,8115697293,голубый
29,мотоцикл,Harley-Davidson,VO18,1996,5557350610,серебристый
1235,мотоцикл,BMW,TD105,1986,0838394475,голубый
1075,грузовой автомобиль,Foton,MZ30,2013,5219895706,желтый
395,легковой автомобиль,Tesla,YY010,2017,6009872243,белый
1762,поезд,Рузхиммаш,DR09,2011,2892704055,черный
181,поезд,Коломенский завод,AG47,2017,8861802357,желтый
783,поезд,Новокузнецкий ВСЗ,DX104,1995,7397737807,желтый
984,трамвай,Новокузнецкий ВСЗ,GP26,1993,2621873614,желтый
1741,легковой автомобиль,Jeep,HH105,2020,6106571481,фиолетовый
1588,поезд,Коломенский завод,JO34,2001,0731637721,золотой
621,велосипед,Scott,TQ74,1982,NULL,серебристый
1899,поезд,Рузхиммаш,BV02,2003,6006995075,желтый
88,велосипед,Maxiscoo,JZ30,2002,NULL,зеленый
1808,грузовой автомобиль,Тонор,HV61,2016,3894322700,белый
101,трамвай,Новокузнецкий ВСЗ,CG43,1996,7079577791,оранжевый
1331,трамвай,Уралтрансмаш,IV50,1996,8890951683,серебристый
949,легковой автомобиль,KIA,MV62,1983,7919148354,оранжевый
719,грузовой автомобиль,KAMAZ,YT07,2014,8508855483,зеленый
1997,трамвай,Метровагонмаш,WJ00,1981,4668447156,зеленый
1898,легковой автомобиль,Skoda,PQ01,2010,6155689481,серебристый
573,мотоцикл,BMW,JZ15,2010,1143929349,оранжевый
287,автобус,ЛАЗ,OV91,2005,6758133761,розовый
1946,мотоцикл,Suzuki,OJ40,2016,7858769548,зеленый
196,трамвай,Уралтрансмаш,DU102,2005,4826037062,красный
101,велосипед,Eltreco,JP96,1986,NULL,оранжевый
211,гужевой транспорт,Собаки,NULL,NULL,NULL,NULL
319,трамвай,Метровагонмаш,HB22,2000,3483195970,коричневый
1394,легковой автомобиль,Lamborghini,YX28,1990,9703590238,серебристый
841,велосипед,Trek,YW410,2010,NULL,желтый
250,грузовой автомобиль,KAMAZ,DV72,2016,3029922968,фиолетовый
156,автобус,ЗИЛ,MI43,1982,7491866309,зеленый
110,троллейбус,ЛАЗ,EA11,2013,3458105563,белый
1047,мотоцикл,Honda,DH24,2008,6318535226,белый
490,поезд,Коломенский завод,XB40,1980,5058903653,оранжевый
1656,поезд,Коломенский завод,GY40,2014,2599752331,голубый
192,грузовой автомобиль,Foton,PU97,2017,0579983017,коричневый
496,велосипед,Maxiscoo,XI99,2018,NULL,золотой
602,легковой автомобиль,Haval,ZU26,1989,1071742317,золотой
1103,мотоцикл,Honda,YA36,1997,0553079692,зеленый
1420,трамвай,Рузхиммаш,PZ09,2006,0416984815,черный
1834,легковой автомобиль,Lifan,BD68,1996,6998731799,красный
1114,грузовой автомобиль,Тонор,KL76,1990,4837481999,белый
597,мотоцикл,Honda,GS90,2009,8097947906,белый
1696,гужевой транспорт,Олени,NULL,NULL,NULL,NULL
1070,мотоцикл,Harley-Davidson,BB82,2002,2086613284,синий
1234,мотоцикл,Harley-Davidson,PT45,2003,2413173083,золотой
1410,трамвай,Уралтрансмаш,VZ40,1998,6265308672,коричневый
1604,поезд,Новокузнецкий ВСЗ,NG109,2011,5833281005,голубый
407,грузовой автомобиль,MAZ,XG34,1996,9820463747,синий
297,грузовой автомобиль,Foton,BA93,2012,7377616796,коричневый
1262,легковой автомобиль,Suzuki,GL1010,1995,2975055998,розовый
1937,мотоцикл,Hero,AI74,1995,9645117396,синий
166,легковой автомобиль,Skoda,KH53,1985,2066499291,синий
1761,мотоцикл,BMW,JX15,2007,3779663291,оранжевый
960,грузовой автомобиль,Foton,NL010,2010,6807487897,желтый
982,грузовой автомобиль,MAZ,EH40,1994,3260055847,коричневый
878,мотоцикл,Irbis,ZL37,2001,8173698814,красный
839,мотоцикл,Triumph,RR47,2019,7691395939,фиолетовый
1386,поезд,Уралтрансмаш,LG17,1982,7280191098,красный
399,трамвай,Уралтрансмаш,II31,1998,2022931172,зеленый
406,грузовой автомобиль,MAZ,HM08,1981,0433598476,синий
1840,троллейбус,РАФ,ZG36,1998,8860864389,золотой
114,грузовой автомобиль,KAMAZ,CX90,2012,2880791202,белый
1066,гужевой транспорт,Собаки,NULL,NULL,NULL,NULL
1277,грузовой автомобиль,Foton,AO71,1995,7832540475,белый
389,трамвай,Новокузнецкий ВСЗ,AG36,2019,1224600698,желтый
651,мотоцикл,Triumph,LC710,1992,8500071379,коричневый
1478,троллейбус,ГАЗ,WM01,1997,7280385178,коричневый
618,велосипед,KHE,ZB04,2002,NULL,серебристый
1960,мотоцикл,Hero,FV12,1997,9415108333,красный
1788,легковой автомобиль,Volvo,HH49,2013,3712524420,желтый
1051,мотоцикл,Suzuki,BP12,2001,6340163318,красный
1982,грузовой автомобиль,Тонор,VW03,2012,9282745315,белый
1030,легковой автомобиль,Citroen,QV110,1987,7077529541,фиолетовый
973,легковой автомобиль,Mercedes-Benz,DA110,2006,6357168702,золотой
391,легковой автомобиль,Aston Martin,KC22,2001,0500447526,золотой
498,велосипед,Eltreco,XB49,1997,NULL,голубый
374,автобус,ГАЗ,TN23,2013,5995952136,синий
357,гужевой транспорт,Волы,NULL,NULL,NULL,NULL
584,поезд,Коломенский завод,OA57,1999,4300985417,голубый
1953,поезд,Метровагонмаш,OZ109,1981,1356642738,желтый
306,поезд,Уралтрансмаш,WS75,1986,6172067862,красный
1496,поезд,Новокузнецкий ВСЗ,PL77,2015,8339322943,розовый
1710,мотоцикл,Harley-Davidson,OT71,1986,1313743782,золотой
1614,троллейбус,ЗИЛ,IG52,2013,7384573186,серебристый
618,гужевой транспорт,Собаки,NULL,NULL,NULL,NULL
1359,трамвай,Уралтрансмаш,ML43,1991,1298765497,голубый
1304,велосипед,Maxiscoo,SP70,1984,NULL,розовый
827,поезд,Новокузнецкий ВСЗ,LV01,1995,9268475490,желтый
1640,велосипед,Maxiscoo,DC109,2014,NULL,розовый
1964,автобус,РАФ,OA94,1998,9088927483,голубый
1420,велосипед,Scott,TX23,2019,NULL,зеленый
1218,велосипед,KHE,DE100,2005,NULL,коричневый
313,легковой автомобиль,Lada,YA90,2016,3903732296,золотой
983,поезд,Коломенский завод,CV34,2012,3040435034,желтый
324,автобус,РАФ,KB58,1985,7530458914,черный
1333,трамвай,Метровагонмаш,QK010,1980,3595130271,коричневый
293,велосипед,Trek,JZ25,2004,NULL,белый
1765,легковой автомобиль,Chevrolet,PF35,1996,2647544544,серебристый
1999,трамвай,Новокузнецкий ВСЗ,NV13,1995,7525291488,фиолетовый
1265,поезд,Уралтрансмаш,XT38,1992,5209888452,серебристый
1023,поезд,Новокузнецкий ВСЗ,RT26,2009,5261735578,зеленый
1182,троллейбус,ГАЗ,ZO09,1996,1720046329,красный
1432,поезд,Уралтрансмаш,NC57,1988,2268408574,голубый
1723,гужевой транспорт,Волы,NULL,NULL,NULL,NULL
883,поезд,Рузхиммаш,TJ03,2014,2218646030,зеленый
12,гужевой транспорт,Ослы,NULL,NULL,NULL,NULL
1770,автобус,ЗИЛ,DB25,1995,3286336323,голубый
744,поезд,Метровагонмаш,WB60,2001,1685415343,черный
1629,гужевой транспорт,Олени,NULL,NULL,NULL,NULL
502,трамвай,Коломенский завод,RK42,1992,1837966887,красный
1281,гужевой транспорт,Лошади,NULL,NULL,NULL,NULL
1968,автобус,РАФ,CD48,1988,5950848923,оранжевый
36,легковой автомобиль,Hyundai,RH41,2012,8202929504,голубый
1849,трамвай,Уралтрансмаш,EM75,2012,0791030414,зеленый
1236,трамвай,Метровагонмаш,ZY410,1996,2400490299,зеленый
1999,гужевой транспорт,Мулы,NULL,NULL,NULL,NULL
669,грузовой автомобиль,KAMAZ,BC25,1988,3837362161,коричневый
422,велосипед,KHE,OM20,1989,NULL,белый
219,троллейбус,ГАЗ,FO95,2009,1499063673,синий
98,мотоцикл,Hero,FX52,2018,8699983515,золотой
317,легковой автомобиль,Hyundai,PM97,1987,7761884440,фиолетовый
657,автобус,ГАЗ,OC21,2012,1658282360,синий
329,легковой автомобиль,Land Rover,QQ17,2016,0047570024,голубый
1198,легковой автомобиль,Citroen,QD85,1985,8587232083,голубый
475,троллейбус,РАФ,AX35,2014,7569672845,черный
1237,мотоцикл,Triumph,LE73,2005,0499641912,черный
689,велосипед,Maxiscoo,EN71,2012,NULL,черный
1640,легковой автомобиль,Lada,EW64,2014,3140854491,желтый
1818,мотоцикл,Harley-Davidson,GE10,1998,3985854005,синий
1509,трамвай,Рузхиммаш,UY104,1980,6236593955,голубый
886,грузовой автомобиль,Foton,IC102,1988,5712409146,голубый
1862,грузовой автомобиль,Foton,MR57,1996,4732150525,черный
1919,автобус,РАФ,TT101,2013,8640436180,голубый
460,поезд,Новокузнецкий ВСЗ,EM06,2001,9517319342,оранжевый
1996,грузовой автомобиль,БелАз,IQ24,2013,0535597414,золотой
1700,троллейбус,ГАЗ,QJ98,2011,2007951558,зеленый
1851,троллейбус,ГАЗ,LM97,1988,8979504581,золотой
609,трамвай,Метровагонмаш,CT97,2000,3708861437,черный
1571,велосипед,Stern,OV70,1987,NULL,коричневый
880,автобус,ЗИЛ,OC63,2004,3383629681,розовый
594,мотоцикл,Irbis,DF610,1985,4646747072,фиолетовый
475,поезд,Уралтрансмаш,CZ32,1995,6114401649,черный
1691,велосипед,Trek,DZ20,2012,NULL,красный
1473,легковой автомобиль,Ferrari,HN93,2002,1598573942,коричневый
888,гужевой транспорт,Волы,NULL,NULL,NULL,NULL
1894,гужевой транспорт,Лошади,NULL,NULL,NULL,NULL
1486,грузовой автомобиль,MAN,OQ06,2018,1878392946,фиолетовый
198,мотоцикл,Kawasaki,SU610,2004,6315035817,желтый
1909,автобус,ЛАЗ,KZ910,1980,0910582769,красный
1288,легковой автомобиль,Chery,MA13,2019,8880872212,красный
367,легковой автомобиль,Lexus,AE75,1992,0985715174,зеленый
1688,трамвай,Метровагонмаш,ET49,1982,5161776035,желтый
238,автобус,РАФ,CH55,2011,2159923956,розовый
980,автобус,ГАЗ,OR19,2002,6176255456,голубый
1395,грузовой автомобиль,KAMAZ,ZU100,2006,5608579839,золотой
140,велосипед,Scott,WV38,1996,NULL,коричневый
1390,легковой автомобиль,Mitsubishi,NN16,2010,1457368576,серебристый
946,велосипед,Eltreco,CN06,2008,NULL,зеленый
1466,автобус,ЗИЛ,XT76,1982,9033043634,коричневый
340,мотоцикл,Irbis,RR49,1996,8623211158,синий
216,автобус,ЗИЛ,UQ64,1989,9085899002,золотой
147,поезд,Метровагонмаш,NG210,1994,6152089332,коричневый
1138,трамвай,Рузхиммаш,AV310,1999,7651241798,черный
1276,троллейбус,ГАЗ,CP16,1995,9653930956,синий
1167,мотоцикл,Ducati,PQ43,1990,3628435743,желтый
423,легковой автомобиль,Lada,QA1010,2010,5741104772,голубый
532,легковой автомобиль,Volkswagen,CP83,2020,7537051632,золотой
86,легковой автомобиль,Daewoo,VB90,2002,8805247525,голубый
1384,велосипед,Trek,CQ109,2008,NULL,розовый
1937,троллейбус,ЗИЛ,GP60,2016,6646652625,синий
1153,трамвай,Рузхиммаш,WH19,2003,4573825336,фиолетовый
1478,автобус,РАФ,MN16,2016,5914751375,оранжевый
219,поезд,Новокузнецкий ВСЗ,GR36,2002,4371886269,золотой
397,грузовой автомобиль,KAMAZ,VA71,1990,8010122786,фиолетовый
1618,мотоцикл,Harley-Davidson,AA40,1983,1647081696,желтый
1614,легковой автомобиль,Cadillac,UW72,2004,3397517709,оранжевый
986,поезд,Уралтрансмаш,DE84,2003,8966737988,фиолетовый
369,легковой автомобиль,Volkswagen,ZQ50,2002,8175871442,белый
1049,легковой автомобиль,Nissan,AO010,1996,2515799756,красный
1119,автобус,ЛАЗ,YQ89,2005,3177658178,серебристый
1683,трамвай,Рузхиммаш,AE104,1996,8438479724,коричневый
1004,мотоцикл,Kawasaki,VW41,1986,3647858817,оранжевый
1734,троллейбус,ГАЗ,NM46,1998,1338760854,золотой
191,автобус,ГАЗ,HT98,1998,4244678619,коричневый
408,гужевой транспорт,Овцы,NULL,NULL,NULL,NULL
1372,гужевой транспорт,Овцы,NULL,NULL,NULL,NULL
506,троллейбус,ЗИЛ,EE08,1994,1245650813,розовый
1849,мотоцикл,Yamaha,EQ50,1996,8981363791,белый
641,легковой автомобиль,Bentley,QI59,2008,9553625609,зеленый
1265,поезд,Коломенский завод,UJ910,2016,4356009792,черный
71,троллейбус,ГАЗ,QE72,1995,0624209745,коричневый
255,автобус,РАФ,TT68,2010,5241306150,фиолетовый
1179,трамвай,Уралтрансмаш,CZ17,2016,1483620190,черный
1138,поезд,Новокузнецкий ВСЗ,AN68,1991,9820381741,желтый
1382,поезд,Рузхиммаш,SJ20,1984,1172380997,черный
1272,гужевой транспорт,Волы,NULL,NULL,NULL,NULL
1077,трамвай,Коломенский завод,OE08,2015,1014835546,красный
1954,троллейбус,РАФ,MM25,2005,4469362481,коричневый
332,грузовой автомобиль,MAN,SB31,2006,9917142106,белый
906,трамвай,Уралтрансмаш,IZ96,2003,8747084212,голубый
1580,легковой автомобиль,Cadillac,WC43,2004,0459930389,оранжевый
1344,поезд,Новокузнецкий ВСЗ,XV08,1990,2596000308,оранжевый
488,трамвай,Новокузнецкий ВСЗ,EH09,2015,7030419668,черный
673,легковой автомобиль,Suzuki,FH210,1994,0422282430,фиолетовый
657,троллейбус,ЗИЛ,GR23,1987,6586214521,белый
1999,троллейбус,ЗИЛ,VC14,1987,5763855321,золотой
1308,грузовой автомобиль,Foton,BJ19,2004,7652993038,серебристый
1621,грузовой автомобиль,Foton,ZS06,1996,8207662990,красный
1067,трамвай,Рузхиммаш,NO73,2016,0588217561,золотой
1581,поезд,Рузхиммаш,EK97,1990,9301747473,голубый
1948,грузовой автомобиль,БелАз,QH45,2016,9347166558,фиолетовый
320,гужевой транспорт,Овцы,NULL,NULL,NULL,NULL
711,трамвай,Коломенский завод,HI43,1990,6779688645,зеленый
413,троллейбус,ЗИЛ,SS79,1986,0031700972,красный
34,поезд,Уралтрансмаш,OV59,2020,6841321418,фиолетовый
584,мотоцикл,Ducati,JY01,2002,9981747005,розовый
666,автобус,ГАЗ,EJ51,1995,5242650834,зеленый
1909,трамвай,Метровагонмаш,EO97,1985,6175202255,черный
402,поезд,Рузхиммаш,BX66,2008,8007388655,зеленый
1699,трамвай,Метровагонмаш,XF54,1984,2995211089,синий
978,велосипед,Eltreco,SG54,2013,NULL,коричневый
1351,грузовой автомобиль,MAZ,KY54,2007,7569694881,золотой
138,поезд,Новокузнецкий ВСЗ,GY1010,1993,1503169572,белый
966,троллейбус,ГАЗ,GS99,1984,1011433632,серебристый
440,велосипед,Eltreco,OM510,2014,NULL,синий
539,гужевой транспорт,Собаки,NULL,NULL,NULL,NULL
792,грузовой автомобиль,БелАз,EF83,1996,1194885981,зеленый
1573,гужевой транспорт,Ослы,NULL,NULL,NULL,NULL
1723,троллейбус,ЗИЛ,CI62,2010,6227717268,фиолетовый
1650,поезд,Коломенский завод,JZ42,1995,0141687014,коричневый
1007,трамвай,Уралтрансмаш,DV12,1994,7386400934,коричневый
504,мотоцикл,Harley-Davidson,QU76,2014,9456121711,белый
42,троллейбус,ЗИЛ,LR54,1980,9784661332,черный
371,грузовой автомобиль,БелАз,KJ1010,2006,7382308063,зеленый
1218,грузовой автомобиль,Тонор,VQ26,2014,5195977768,зеленый
1658,велосипед,Polisport,BX04,1985,NULL,розовый
978,легковой автомобиль,Volvo,YP60,2007,0168274931,черный
671,троллейбус,ЗИЛ,BC22,1984,8182217849,красный
391,грузовой автомобиль,Тонор,II73,2000,7917302366,красный
921,легковой автомобиль,Mini,FS85,2009,2322597309,красный
1418,грузовой автомобиль,MAN,AR51,1989,5043670677,розовый
329,мотоцикл,Irbis,YC09,2012,0713432750,серебристый
179,грузовой автомобиль,MAZ,PE72,1982,8767872065,синий
847,легковой автомобиль,Renault,QH55,2000,5709193106,оранжевый
504,поезд,Коломенский завод,OJ40,2014,0112050288,серебристый
761,трамвай,Метровагонмаш,YX18,2012,0725460720,розовый
1379,велосипед,KHE,RY78,1991,NULL,коричневый
1592,автобус,ГАЗ,OC610,2000,0390622073,красный
842,трамвай,Уралтрансмаш,VM68,2019,0502901465,голубый
1287,мотоцикл,Honda,ZQ50,2002,6285068067,белый
135,гужевой транспорт,Олени,NULL,NULL,NULL,NULL
153,мотоцикл,Honda,ZY16,2014,3901683366,серебристый
396,грузовой автомобиль,KAMAZ,VO73,2019,1832533155,желтый
1467,грузовой автомобиль,Тонор,MO41,2005,0555014060,зеленый
840,легковой автомобиль,Porsche,JA610,2006,2700219586,золотой
1971,легковой автомобиль,Nissan,JQ68,1984,8413088612,розовый
778,легковой автомобиль,Aston Martin,CW85,2015,1007772494,розовый
1872,мотоцикл,Honda,MB11,1989,1272881600,синий
308,автобус,РАФ,DR510,2019,8638492696,синий
334,гужевой транспорт,Мулы,NULL,NULL,NULL,NULL
102,трамвай,Коломенский завод,BG28,2015,0703181137,серебристый
815,грузовой автомобиль,KAMAZ,DR21,1997,9457360801,синий
1462,мотоцикл,BMW,HD21,2015,2781350118,оранжевый
295,поезд,Новокузнецкий ВСЗ,KR49,2000,0416969124,желтый
1367,легковой автомобиль,Lexus,LH95,1999,3617919846,красный
1511,гужевой транспорт,Овцы,NULL,NULL,NULL,NULL
256,гужевой транспорт,Собаки,NULL,NULL,NULL,NULL
1313,велосипед,KHE,EA34,1999,NULL,белый
311,велосипед,KHE,VZ20,1992,NULL,красный
558,грузовой автомобиль,Тонор,VQ78,2001,0031091851,желтый
1248,автобус,ЛАЗ,EA80,2010,6604621832,зеленый
952,велосипед,Trek,NO57,1996,NULL,коричневый
556,автобус,ЛАЗ,RP80,1987,0697710421,оранжевый
1341,грузовой автомобиль,MAN,BS98,1987,2176083389,красный
1743,троллейбус,ЗИЛ,UE71,1987,1489352193,желтый
776,троллейбус,ГАЗ,IJ78,1985,2796413574,коричневый
1650,велосипед,Stern,LY97,2003,NULL,черный
1724,мотоцикл,BMW,MC94,2004,9799646307,серебристый
386,трамвай,Новокузнецкий ВСЗ,QR73,1999,9581356822,серебристый
503,велосипед,KHE,IV37,2011,NULL,розовый
253,легковой автомобиль,Alpha Romeo,WU67,1999,0235849185,розовый
1007,велосипед,KHE,UV40,2018,NULL,розовый
502,автобус,ЗИЛ,KL108,2015,9032753688,зеленый
1614,поезд,Рузхиммаш,MM66,1983,6554596381,желтый
780,автобус,ЗИЛ,SX86,1999,3034777637,белый
359,грузовой автомобиль,KAMAZ,ZK74,2018,9189309156,розовый
1990,автобус,ЛАЗ,GT85,1998,3320542537,серебристый
1764,поезд,Коломенский завод,BU77,2011,8741704867,красный
792,трамвай,Уралтрансмаш,KJ92,2007,0998827332,серебристый
936,трамвай,Коломенский завод,QU59,1989,1101505019,золотой
1318,поезд,Новокузнецкий ВСЗ,SS90,2006,4633672205,голубый
1259,поезд,Коломенский завод,IO102,2006,5623382456,коричневый
396,легковой автомобиль,Bugatti,WD22,2000,1603931706,золотой
495,поезд,Рузхиммаш,FO98,2006,5811298340,серебристый
432,мотоцикл,Kawasaki,GH26,2016,9498173294,серебристый
1642,трамвай,Новокузнецкий ВСЗ,EJ05,1980,9248284082,фиолетовый
1252,грузовой автомобиль,MAZ,JA50,2013,0237539480,синий
236,легковой автомобиль,Kamaz,TS88,2007,5636628508,голубый
1170,гужевой транспорт,Собаки,NULL,NULL,NULL,NULL
1343,поезд,Уралтрансмаш,JU01,2009,0357907704,розовый
591,велосипед,Eltreco,YZ610,1990,NULL,коричневый
610,мотоцикл,Harley-Davidson,GZ94,2015,4361584074,белый
34,гужевой транспорт,Собаки,NULL,NULL,NULL,NULL
1365,легковой автомобиль,Mercedes-Benz,XO25,1984,7052799909,голубый
169,гужевой транспорт,Олени,NULL,NULL,NULL,NULL
1042,поезд,Коломенский завод,KT210,2001,7840379544,зеленый
1910,гужевой транспорт,Овцы,NULL,NULL,NULL,NULL
1748,грузовой автомобиль,KAMAZ,GA95,2008,7300194521,розовый
1379,велосипед,Stern,OI34,2005,NULL,голубый
1910,трамвай,Метровагонмаш,NM56,1987,8188519686,красный
115,велосипед,Scott,TI50,1995,NULL,красный
493,автобус,ЛАЗ,GG81,2016,7070299349,оранжевый
117,поезд,Новокузнецкий ВСЗ,MC27,1989,2074419951,зеленый
1871,грузовой автомобиль,Тонор,AB010,1995,8084418799,белый
1604,автобус,РАФ,VJ71,2016,3280963952,красный
1133,легковой автомобиль,Porsche,AM84,2004,1538304421,коричневый
301,поезд,Коломенский завод,SR13,1982,1580434048,оранжевый
1382,мотоцикл,Ducati,IL44,1984,0987362928,голубый
1646,гужевой транспорт,Буйволы,NULL,NULL,NULL,NULL
1923,автобус,ЛАЗ,PG39,1999,1746730355,серебристый
1189,грузовой автомобиль,Тонор,XW07,2016,7462008693,синий
642,велосипед,Trek,JM38,2017,NULL,желтый
1795,гужевой транспорт,Ослы,NULL,NULL,NULL,NULL
199,велосипед,Trek,IQ610,1995,NULL,оранжевый
1442,трамвай,Коломенский завод,AK63,2005,2099314214,фиолетовый
1410,гужевой транспорт,Волы,NULL,NULL,NULL,NULL
695,поезд,Рузхиммаш,YN41,1999,8545578577,золотой
465,велосипед,Polisport,KF06,1980,NULL,белый
1524,гужевой транспорт,Волы,NULL,NULL,NULL,NULL
1860,грузовой автомобиль,MAN,ZT01,2012,7643653698,голубый
485,велосипед,Scott,WO24,2008,NULL,голубый
1250,грузовой автомобиль,Foton,IH108,1980,8386642580,черный
612,автобус,РАФ,KA36,2005,0777258684,черный
1879,поезд,Коломенский завод,XN43,1995,8522673997,красный
1255,гужевой транспорт,Волы,NULL,NULL,NULL,NULL
778,гужевой транспорт,Олени,NULL,NULL,NULL,NULL
1896,поезд,Уралтрансмаш,KF78,1993,6358477291,зеленый
780,велосипед,Eltreco,CW50,2007,NULL,коричневый
568,мотоцикл,Suzuki,HG51,1994,6225859220,белый
1122,велосипед,Trek,FM1010,1996,NULL,серебристый
1483,велосипед,Stern,CI35,2007,NULL,оранжевый
846,поезд,Уралтрансмаш,AT34,1980,7965378622,оранжевый
1670,велосипед,Eltreco,ND32,1997,NULL,коричневый
750,грузовой автомобиль,Тонор,QB09,1990,9352275248,желтый
345,грузовой автомобиль,KAMAZ,VU58,2019,4999795127,зеленый
617,легковой автомобиль,Mini,VN70,1982,7404113206,серебристый
484,поезд,Новокузнецкий ВСЗ,OW60,1999,4583473600,золотой
176,троллейбус,ЛАЗ,MV24,2009,3587055769,синий
1594,велосипед,Polisport,WH48,2004,NULL,белый
1352,троллейбус,ГАЗ,BX104,1990,4073803764,голубый
1604,легковой автомобиль,Mazda,MB108,2003,7377336764,фиолетовый
294,легковой автомобиль,Cadillac,JJ76,2009,4518389509,фиолетовый
1737,велосипед,Eltreco,XK86,1991,NULL,синий
1847,грузовой автомобиль,KAMAZ,WU110,1993,4318464159,коричневый
294,трамвай,Рузхиммаш,KT82,2011,1708298689,синий
696,трамвай,Метровагонмаш,NN58,1987,1701981592,черный
1179,троллейбус,ГАЗ,CV49,1998,9945507038,розовый
1870,велосипед,Maxiscoo,JI65,2000,NULL,серебристый
997,поезд,Рузхиммаш,DQ66,2016,3284717758,фиолетовый
1196,троллейбус,ГАЗ,BZ73,1982,0730126318,зеленый
624,трамвай,Новокузнецкий ВСЗ,CM12,2003,5341859644,серебристый
1493,автобус,ЛАЗ,DN85,2010,1611334893,голубый
473,автобус,РАФ,HX65,2007,8970521908,серебристый
1054,легковой автомобиль,BMW,UE37,1990,4025977554,фиолетовый
789,грузовой автомобиль,БелАз,UQ71,2007,8966668308,розовый
1962,мотоцикл,Honda,CY36,2001,6147255278,розовый
841,велосипед,Scott,KO79,1994,NULL,золотой
521,поезд,Уралтрансмаш,SD108,1987,8238715398,розовый
951,мотоцикл,Kawasaki,CP710,1998,5415739864,оранжевый
906,мотоцикл,Triumph,PO35,1998,0612315614,коричневый
1928,велосипед,KHE,EC25,2007,NULL,розовый
979,легковой автомобиль,Chevrolet,FY87,2006,8545677324,зеленый
1117,легковой автомобиль,Lifan,QI09,1999,5561513449,белый
31,автобус,ЗИЛ,WU00,2005,1496509745,фиолетовый
820,грузовой автомобиль,MAZ,IH42,2020,1341096001,золотой
287,грузовой автомобиль,KAMAZ,LV110,2019,0288119793,синий
685,трамвай,Метровагонмаш,WV25,1980,5404373567,розовый
906,троллейбус,ЗИЛ,YA101,1983,4435760911,серебристый
233,гужевой транспорт,Волы,NULL,NULL,NULL,NULL
308,легковой автомобиль,Aston Martin,GZ93,2001,3781808405,голубый
507,трамвай,Коломенский завод,HM99,2005,2252619232,фиолетовый
125,поезд,Метровагонмаш,KP45,2018,1091370352,оранжевый
805,автобус,ГАЗ,ZU72,1999,9513308490,оранжевый
1001,мотоцикл,Irbis,VN15,2012,9365017700,красный
145,грузовой автомобиль,БелАз,VD84,2019,9792043831,черный
789,гужевой транспорт,Овцы,NULL,NULL,NULL,NULL
1443,поезд,Коломенский завод,OR29,1990,3310401698,оранжевый
544,легковой автомобиль,Volvo,QL55,1983,9593811915,серебристый
1723,автобус,ЗИЛ,TZ106,1994,1489009418,оранжевый
1054,грузовой автомобиль,MAZ,HS75,1998,7191856345,желтый
529,велосипед,Scott,ET14,2003,NULL,красный
966,легковой автомобиль,Chery,YZ87,2008,1476449973,золотой
835,троллейбус,ЗИЛ,BF49,1994,0173023077,желтый
1822,велосипед,Stern,NT21,2013,NULL,белый
1691,легковой автомобиль,Volvo,AV23,1981,0695040249,белый
1461,гужевой транспорт,Олени,NULL,NULL,NULL,NULL
1871,гужевой транспорт,Буйволы,NULL,NULL,NULL,NULL
1644,трамвай,Рузхиммаш,DD00,2014,5498759131,желтый
670,легковой автомобиль,Ferrari,DJ105,1990,2182303795,голубый
1614,троллейбус,ЗИЛ,PQ58,1988,9972829331,желтый
1854,легковой автомобиль,Lexus,MK86,1980,5685371016,фиолетовый
1781,мотоцикл,Honda,SR15,1983,8462086703,зеленый
1858,грузовой автомобиль,Тонор,XT79,2018,7609696042,розовый
1897,троллейбус,ГАЗ,FS03,1980,9441888495,золотой
949,легковой автомобиль,Alpha Romeo,PU81,1995,8701307880,красный
634,велосипед,Stern,ZY18,1991,NULL,красный
1448,мотоцикл,Irbis,IQ910,1986,2956108096,белый
192,велосипед,Scott,XX43,2004,NULL,белый
190,трамвай,Уралтрансмаш,UR07,2013,8242606926,фиолетовый
932,автобус,ЗИЛ,PV71,1996,5384308088,фиолетовый
514,гужевой транспорт,Мулы,NULL,NULL,NULL,NULL
1169,грузовой автомобиль,Foton,EJ04,2008,4147737243,синий
1719,легковой автомобиль,Ferrari,EO105,2017,4802252759,зеленый
799,мотоцикл,Kawasaki,PZ107,1996,9090301554,розовый
1990,велосипед,KHE,TV106,1999,NULL,голубый
721,грузовой автомобиль,Foton,DC93,1987,4436984621,желтый
1058,трамвай,Уралтрансмаш,AO110,2017,5669036337,белый
143,грузовой автомобиль,Foton,EG010,1989,5530502435,красный
1587,трамвай,Уралтрансмаш,JQ14,1996,8068211468,золотой
1812,автобус,ЗИЛ,FT11,2019,3662103196,белый
1235,гужевой транспорт,Волы,NULL,NULL,NULL,NULL
474,троллейбус,ЗИЛ,NP33,2019,3564901348,синий
1654,троллейбус,ЗИЛ,JO07,1988,4774313561,коричневый
1210,автобус,ГАЗ,DG05,1991,4229142474,фиолетовый
1208,грузовой автомобиль,Foton,BP03,2017,5406971115,зеленый
505,грузовой автомобиль,KAMAZ,IA74,1996,9734276666,зеленый
883,велосипед,Polisport,MR88,1990,NULL,белый
576,автобус,ЗИЛ,KH28,1996,7098435194,фиолетовый
1210,автобус,ЛАЗ,RP46,1994,5580523645,оранжевый
1883,велосипед,Stern,QL52,1995,NULL,синий
1404,трамвай,Уралтрансмаш,ZY32,2010,9577257572,розовый
1308,троллейбус,ЗИЛ,YF15,1991,1671748935,черный
295,велосипед,KHE,OG20,1992,NULL,коричневый
1553,автобус,РАФ,JY92,2009,2210601279,золотой
1901,велосипед,Scott,WE910,2012,NULL,голубый
1676,поезд,Рузхиммаш,HZ37,2000,4173832456,красный
1818,автобус,ГАЗ,DC510,2006,3539313900,красный
1260,троллейбус,ЗИЛ,RB49,2002,4063190667,желтый
1880,легковой автомобиль,Lifan,YL78,2001,7904115699,синий
1172,поезд,Новокузнецкий ВСЗ,XC1010,1987,3677641335,зеленый
778,автобус,ЗИЛ,ZB80,1980,4622551627,красный
587,гужевой транспорт,Олени,NULL,NULL,NULL,NULL
1927,грузовой автомобиль,MAN,YG00,1982,2857136343,розовый
1172,трамвай,Коломенский завод,CU70,2010,7624572022,синий
1731,трамвай,Уралтрансмаш,FG01,1985,1297173775,желтый
833,гужевой транспорт,Мулы,NULL,NULL,NULL,NULL
943,поезд,Коломенский завод,WT69,1999,8411866516,красный
1705,автобус,ЛАЗ,CJ76,1990,9815741894,золотой
1333,мотоцикл,Irbis,TS59,1992,5662774575,голубый
1093,поезд,Метровагонмаш,HO103,2010,1417508901,голубый
1949,велосипед,Scott,GU75,2001,NULL,синий
559,мотоцикл,Yamaha,DM47,2017,8616624314,коричневый
1986,трамвай,Уралтрансмаш,BW107,1986,5922911756,золотой
1557,трамвай,Метровагонмаш,XX85,1981,0595109163,синий
1319,велосипед,KHE,LH73,2013,NULL,коричневый
1668,гужевой транспорт,Собаки,NULL,NULL,NULL,NULL
878,грузовой автомобиль,MAZ,ZP109,2016,2575720802,оранжевый
1190,легковой автомобиль,Lada,JH410,1987,2976463316,розовый
1248,грузовой автомобиль,Foton,JQ01,2012,1776942362,коричневый
71,легковой автомобиль,BMW,DZ70,1996,0322542264,розовый
322,грузовой автомобиль,Foton,OX49,2018,1092869481,коричневый
1391,гужевой транспорт,Ослы,NULL,NULL,NULL,NULL
1157,поезд,Уралтрансмаш,MU31,2019,4127875901,серебристый
1339,троллейбус,ГАЗ,AM44,2017,7037556211,голубый
860,троллейбус,РАФ,UI00,2013,4120013035,розовый
1526,велосипед,Stern,OG21,2017,NULL,фиолетовый
254,трамвай,Уралтрансмаш,IG010,1989,5976035590,зеленый
637,гужевой транспорт,Мулы,NULL,NULL,NULL,NULL
532,велосипед,Trek,LU69,1990,NULL,желтый
1192,мотоцикл,Yamaha,MO58,1988,6416075153,оранжевый
420,грузовой автомобиль,БелАз,SE79,1986,7272375903,фиолетовый
207,поезд,Метровагонмаш,GX46,1982,1048963832,белый
1729,велосипед,Stern,EQ64,2005,NULL,золотой
976,грузовой автомобиль,Тонор,XY010,2004,5199510464,розовый
1567,автобус,ГАЗ,UT56,2017,2944381073,серебристый
685,велосипед,Eltreco,AZ27,2008,NULL,серебристый
450,легковой автомобиль,Alpha Romeo,GD34,1988,3930014376,серебристый
790,автобус,ГАЗ,MJ610,2020,6728905515,желтый
1751,гужевой транспорт,Ослы,NULL,NULL,NULL,NULL
749,троллейбус,ГАЗ,VD38,2016,0861612772,черный
1988,автобус,РАФ,AE100,2012,0100670831,оранжевый
1270,трамвай,Уралтрансмаш,OI04,1982,7225313920,оранжевый
602,трамвай,Уралтрансмаш,KE37,2005,6603635988,черный
57,трамвай,Уралтрансмаш,PK60,1998,6876030104,зеленый
1913,поезд,Новокузнецкий ВСЗ,US101,1987,8387678758,оранжевый
945,легковой автомобиль,Chery,DI34,1987,9098668228,голубый
169,троллейбус,ЗИЛ,VN00,2007,0353390505,серебристый
1072,гужевой транспорт,Овцы,NULL,NULL,NULL,NULL
1181,грузовой автомобиль,MAZ,OS910,1990,0142721163,голубый
1260,легковой автомобиль,Tayota,HV94,1999,5485888974,красный
138,гужевой транспорт,Собаки,NULL,NULL,NULL,NULL
457,грузовой автомобиль,Тонор,OB96,1981,2277112984,черный
1133,гужевой транспорт,Волы,NULL,NULL,NULL,NULL
1880,гужевой транспорт,Лошади,NULL,NULL,NULL,NULL
13,гужевой транспорт,Ослы,NULL,NULL,NULL,NULL
1248,грузовой автомобиль,MAZ,PC58,1990,6189319465,коричневый
1603,трамвай,Коломенский завод,WB510,2006,5963498549,черный
616,гужевой транспорт,Мулы,NULL,NULL,NULL,NULL
1499,автобус,РАФ,QP22,2000,9492964915,красный
1644,поезд,Метровагонмаш,WW42,2010,5026559077,розовый
1825,гужевой транспорт,Буйволы,NULL,NULL,NULL,NULL
225,велосипед,Trek,AY32,2003,NULL,розовый
697,грузовой автомобиль,KAMAZ,CY210,2003,9849363231,розовый
1899,грузовой автомобиль,Foton,TF53,1996,4068576390,красный
1343,велосипед,Maxiscoo,YQ96,2006,NULL,синий
1206,автобус,РАФ,XY03,1984,6176626796,золотой
1578,поезд,Рузхиммаш,NO44,1991,7812968145,зеленый
1076,гужевой транспорт,Олени,NULL,NULL,NULL,NULL
448,троллейбус,РАФ,AT32,1982,1488232951,синий
882,велосипед,Polisport,GT77,1985,NULL,розовый
1362,поезд,Метровагонмаш,QI91,1996,6830794224,коричневый
255,поезд,Коломенский завод,YC105,1985,6949547573,оранжевый
26,гужевой транспорт,Мулы,NULL,NULL,NULL,NULL
1486,гужевой транспорт,Мулы,NULL,NULL,NULL,NULL
192,гужевой транспорт,Ослы,NULL,NULL,NULL,NULL
35,легковой автомобиль,Haval,XQ13,2016,9569501779,золотой
773,поезд,Коломенский завод,DB71,1995,8086858389,оранжевый
1905,мотоцикл,Kawasaki,NP06,1989,8520846142,красный
149,трамвай,Рузхиммаш,EW610,1987,4072982418,черный
190,легковой автомобиль,Lifan,KH47,2003,7477037320,коричневый
281,гужевой транспорт,Ослы,NULL,NULL,NULL,NULL
1173,легковой автомобиль,Tayota,RM26,1981,5317268392,желтый
1075,велосипед,Trek,CA68,2018,NULL,оранжевый
1331,велосипед,Eltreco,VT56,1981,NULL,черный
1087,легковой автомобиль,Haval,KQ010,2002,5086391703,белый
572,поезд,Новокузнецкий ВСЗ,KS04,2004,0459408818,зеленый
1202,троллейбус,ГАЗ,QW68,2012,7375050736,голубый
1609,гужевой транспорт,Овцы,NULL,NULL,NULL,NULL
846,легковой автомобиль,Ferrari,NV104,1997,0359230996,розовый
955,велосипед,Scott,FW103,1985,NULL,розовый
1292,мотоцикл,Triumph,RO75,1997,7723488281,белый
454,поезд,Уралтрансмаш,ID65,2002,0679505658,зеленый
1669,поезд,Уралтрансмаш,JV36,2009,6869924978,белый
1680,мотоцикл,Harley-Davidson,JJ610,1987,5252667209,синий
778,троллейбус,ГАЗ,ER59,1983,6982895717,белый
911,мотоцикл,Irbis,ZK610,2020,0915158512,красный
705,легковой автомобиль,Mazda,QL34,1998,1531201444,розовый
157,троллейбус,ЛАЗ,CB23,1996,5087042772,розовый
899,поезд,Метровагонмаш,XM72,1984,5677315283,красный
196,легковой автомобиль,Aston Martin,MY72,1999,7058402332,красный
1621,автобус,ЗИЛ,RL40,1983,1427508666,желтый
886,мотоцикл,Irbis,JC08,2011,7851592039,синий
534,легковой автомобиль,Hyundai,OY84,1981,8466428082,зеленый
1989,легковой автомобиль,UAZ,XI210,2012,6276271893,белый
670,гужевой транспорт,Овцы,NULL,NULL,NULL,NULL
1399,трамвай,Рузхиммаш,FD73,2010,9034776265,серебристый
104,трамвай,Рузхиммаш,WC78,2012,6350827509,желтый
779,легковой автомобиль,Chevrolet,SN27,2005,2733628360,оранжевый
1339,гужевой транспорт,Буйволы,NULL,NULL,NULL,NULL
733,мотоцикл,Irbis,KE02,2000,5385771490,зеленый
1530,троллейбус,РАФ,LJ04,2014,0199466509,золотой
686,легковой автомобиль,Suzuki,ZW58,1980,5803249907,черный
1703,гужевой транспорт,Буйволы,NULL,NULL,NULL,NULL
1986,мотоцикл,Kawasaki,TV49,1981,0191257014,розовый
1042,автобус,ЗИЛ,CZ79,1986,9488341066,коричневый
655,гужевой транспорт,Собаки,NULL,NULL,NULL,NULL
578,поезд,Новокузнецкий ВСЗ,AP57,2014,0266681971,черный
559,мотоцикл,Honda,FF44,1997,9983444829,золотой
858,троллейбус,ЛАЗ,AN19,1985,5525338519,красный
1724,троллейбус,РАФ,HJ110,2003,7422190904,оранжевый
1492,мотоцикл,Harley-Davidson,JY23,2003,4457065017,красный
1667,легковой автомобиль,Ferrari,GM21,2012,6819685273,розовый
112,велосипед,Scott,TN27,1986,NULL,голубый
283,поезд,Новокузнецкий ВСЗ,MQ08,1991,0323614077,коричневый
50,гужевой транспорт,Волы,NULL,NULL,NULL,NULL
256,велосипед,Maxiscoo,HT42,2017,NULL,фиолетовый
109,гужевой транспорт,Волы,NULL,NULL,NULL,NULL
1586,мотоцикл,Kawasaki,HR81,2017,1231691416,красный
1123,велосипед,Eltreco,DI69,2002,NULL,розовый
798,легковой автомобиль,Skoda,JZ84,2001,4778184855,зеленый
367,поезд,Коломенский завод,US16,2000,7958373904,желтый
1021,троллейбус,ЗИЛ,CR25,1998,8228509712,фиолетовый
1797,мотоцикл,Hero,SW68,1985,7623628868,черный
875,велосипед,KHE,QB93,2001,NULL,голубый
325,велосипед,Stern,PQ58,2010,NULL,желтый
792,трамвай,Коломенский завод,BY87,2015,3293004819,серебристый
1103,грузовой автомобиль,KAMAZ,BX16,2004,1313626223,розовый
990,автобус,ЛАЗ,KZ108,1995,7517946425,фиолетовый
834,троллейбус,РАФ,ZX510,1998,3970288088,розовый
1855,гужевой транспорт,Лошади,NULL,NULL,NULL,NULL
1240,велосипед,Maxiscoo,RJ47,1986,NULL,черный
35,поезд,Рузхиммаш,MF14,1982,8504457566,розовый
1650,гужевой транспорт,Лошади,NULL,NULL,NULL,NULL
949,трамвай,Рузхиммаш,GC810,2009,3533186158,желтый
1621,гужевой транспорт,Овцы,NULL,NULL,NULL,NULL
1289,поезд,Новокузнецкий ВСЗ,SG50,1991,1646691824,синий
1531,грузовой автомобиль,MAZ,OV92,1983,0102517109,фиолетовый
1394,велосипед,Trek,SH52,2012,NULL,оранжевый
1228,мотоцикл,Ducati,KB37,1983,7609684487,оранжевый
1406,грузовой автомобиль,Тонор,PS80,2011,1767685249,фиолетовый
907,грузовой автомобиль,MAZ,BQ51,2004,7196422067,желтый
325,гужевой транспорт,Мулы,NULL,NULL,NULL,NULL
1065,троллейбус,ГАЗ,DG31,2003,4396814837,черный
138,гужевой транспорт,Мулы,NULL,NULL,NULL,NULL
1695,троллейбус,ЗИЛ,IU910,2018,2781791999,серебристый
1084,троллейбус,РАФ,JT56,2014,7153830620,золотой
1367,троллейбус,РАФ,OR05,2009,1332470195,желтый
623,грузовой автомобиль,Foton,DB12,1995,7976558730,синий
1262,легковой автомобиль,BMW,EF81,1998,9092368502,зеленый
1332,легковой автомобиль,Aston Martin,GN110,2015,5385927076,розовый
761,мотоцикл,Ducati,FM39,2018,3888636394,черный
1331,поезд,Уралтрансмаш,VT68,2017,0151613343,розовый
658,грузовой автомобиль,Foton,QB97,1997,6345094322,фиолетовый
1377,грузовой автомобиль,БелАз,VG109,1997,5798520717,фиолетовый
1259,легковой автомобиль,Mercedes-Benz,FC38,1994,6469966012,розовый
1536,велосипед,Maxiscoo,TW42,1994,NULL,желтый
890,трамвай,Рузхиммаш,DE100,1987,3050624247,черный
1315,троллейбус,ЗИЛ,QA69,1992,2012477631,зеленый
50,велосипед,Maxiscoo,NP52,2001,NULL,черный
496,мотоцикл,Triumph,LE46,1990,5906014568,серебристый
1595,легковой автомобиль,Lexus,UR80,2012,4415242305,оранжевый
219,грузовой автомобиль,MAN,AF32,2018,6719269020,фиолетовый
1548,легковой автомобиль,KIA,LN19,1984,5411296565,желтый
217,трамвай,Коломенский завод,UB29,2015,2550911820,белый
527,трамвай,Новокузнецкий ВСЗ,VK52,2002,8826147976,голубый
1649,трамвай,Рузхиммаш,FA11,1994,3103840223,желтый
1795,мотоцикл,Yamaha,DB80,1996,9259352228,розовый
187,грузовой автомобиль,Foton,KJ1010,2009,3956765237,серебристый
416,поезд,Метровагонмаш,DB71,2015,6609522759,синий
1649,трамвай,Метровагонмаш,IY73,2006,7532236767,коричневый
1917,автобус,ЗИЛ,VS83,1994,7803797016,фиолетовый
885,трамвай,Рузхиммаш,CX63,1990,3447277238,голубый
1706,троллейбус,РАФ,OL63,2002,0526326458,красный
144,велосипед,Maxiscoo,ND83,2019,NULL,розовый
1335,велосипед,Stern,ER71,2015,NULL,розовый
1060,велосипед,Scott,XU00,2019,NULL,синий
910,мотоцикл,BMW,MG63,1997,0354820455,белый
50,автобус,ЛАЗ,GG69,1981,9938368483,серебристый
146,грузовой автомобиль,БелАз,LH09,2001,1485454057,коричневый
424,мотоцикл,Harley-Davidson,CC82,1987,3955867171,голубый
713,грузовой автомобиль,Foton,YY101,2016,5288068860,розовый
600,легковой автомобиль,Audi,RU12,2005,0826103612,черный
1287,поезд,Новокузнецкий ВСЗ,YZ107,2008,1251650745,голубый
518,поезд,Коломенский завод,FF15,1981,4702244012,красный
1510,грузовой автомобиль,KAMAZ,NK87,2015,5424461131,красный
787,автобус,ЗИЛ,YB05,1996,6017323118,зеленый
1792,автобус,РАФ,TB34,1992,4234365473,розовый
1289,поезд,Метровагонмаш,ZO07,2019,2047868336,коричневый
1043,легковой автомобиль,Daewoo,YU16,1990,6570715365,фиолетовый
1785,автобус,РАФ,HW55,1982,7043388507,белый
1410,трамвай,Рузхиммаш,ZS46,1982,1625266303,черный
1952,трамвай,Новокузнецкий ВСЗ,QP12,2001,6510479753,коричневый
1429,легковой автомобиль,Infinity,TA60,1994,5396725991,фиолетовый
323,легковой автомобиль,Aston Martin,JB13,1995,6986326039,желтый
1668,поезд,Уралтрансмаш,BI58,1992,9991879270,черный
830,троллейбус,ЛАЗ,RW38,1980,6862215024,оранжевый
980,легковой автомобиль,KIA,KS45,1996,5330277900,коричневый
1667,трамвай,Рузхиммаш,IE410,2010,7296488041,оранжевый
82,троллейбус,ГАЗ,QG50,2008,5352039657,голубый
157,троллейбус,РАФ,EL109,2010,5583140831,красный
1655,автобус,РАФ,UD16,2017,6069015089,черный
1864,мотоцикл,Kawasaki,IQ72,1985,6552536154,желтый
955,поезд,Коломенский завод,KZ04,2006,7380660446,оранжевый
837,легковой автомобиль,Lifan,RK47,2003,6350039976,синий
245,трамвай,Уралтрансмаш,UB11,1997,4352152719,белый
726,грузовой автомобиль,KAMAZ,EO07,2003,4509428608,красный
1006,мотоцикл,Irbis,WR110,2015,0626482005,фиолетовый
1417,автобус,ЛАЗ,BU82,1997,3378246699,фиолетовый
1128,мотоцикл,Ducati,QU29,1993,3733266577,розовый
119,трамвай,Новокузнецкий ВСЗ,BC05,2006,5286831702,белый
1277,грузовой автомобиль,БелАз,NO82,2018,2257574521,коричневый
304,легковой автомобиль,Cadillac,HZ22,1999,1506721421,красный
1558,гужевой транспорт,Овцы,NULL,NULL,NULL,NULL
530,поезд,Коломенский завод,EF43,2012,0144690475,синий
1804,мотоцикл,Hero,MC59,2011,4574656165,красный
1236,грузовой автомобиль,KAMAZ,PY48,1980,6958788954,золотой
509,троллейбус,ГАЗ,YX95,1981,5620986491,коричневый
344,мотоцикл,Hero,ZC106,2004,2885514782,красный
1318,велосипед,Trek,GN510,2002,NULL,желтый
417,гужевой транспорт,Ослы,NULL,NULL,NULL,NULL
565,трамвай,Метровагонмаш,RP810,1991,5664265978,белый
125,легковой автомобиль,Audi,MH54,1991,3710341066,синий
1756,гужевой транспорт,Мулы,NULL,NULL,NULL,NULL
1422,автобус,ЗИЛ,RC56,1990,3378113385,черный
1078,поезд,Новокузнецкий ВСЗ,KN06,1985,9853884095,красный
65,трамвай,Уралтрансмаш,KY19,2015,7929102326,белый
1569,трамвай,Рузхиммаш,KT52,1986,3722152289,коричневый
534,троллейбус,ГАЗ,KM44,2014,5899122330,красный
668,поезд,Новокузнецкий ВСЗ,LZ86,1989,9629443300,розовый
145,велосипед,Scott,UE29,1997,NULL,оранжевый
379,троллейбус,ЗИЛ,OF96,1998,3629071695,белый
402,троллейбус,ЛАЗ,UJ19,1998,1130413260,золотой
1324,легковой автомобиль,Ford,HB33,1987,1964085711,зеленый
1513,поезд,Уралтрансмаш,ZA09,1980,0573723594,черный
862,грузовой автомобиль,MAN,RF53,1998,3415137921,синий
246,легковой автомобиль,Chery,WI36,1995,9484843150,черный
311,мотоцикл,Ducati,JY22,1996,7969283540,коричневый
1573,автобус,ГАЗ,VU43,2019,6771706859,серебристый
790,автобус,ЛАЗ,UV104,2016,6236022240,оранжевый
397,легковой автомобиль,Opel,WL54,1990,5635626673,синий
639,троллейбус,ГАЗ,YO19,2004,8199081708,золотой
1049,автобус,РАФ,BZ010,1998,7718981001,розовый
324,грузовой автомобиль,БелАз,NA17,2020,0543676478,синий
1400,трамвай,Новокузнецкий ВСЗ,ZO62,2003,0131917268,зеленый
80,велосипед,Polisport,PK65,1992,NULL,оранжевый
1806,велосипед,Eltreco,QY101,2006,NULL,фиолетовый
533,велосипед,Eltreco,HX99,2007,NULL,красный
704,грузовой автомобиль,MAN,GQ108,2020,4836573463,серебристый
777,автобус,ЛАЗ,QC57,2020,5451580619,черный
1851,грузовой автомобиль,MAN,IR85,1998,1890889535,розовый
1739,мотоцикл,BMW,DL89,2001,4780618999,красный
1443,автобус,ГАЗ,JC79,1998,2953315910,черный
1552,велосипед,Maxiscoo,DS53,1998,NULL,зеленый
1698,грузовой автомобиль,Тонор,TI39,1986,9645678100,оранжевый
1442,автобус,ГАЗ,YI70,1995,5237309103,красный
1642,мотоцикл,Harley-Davidson,YI109,2001,6922934544,черный
676,легковой автомобиль,KIA,BB39,2007,2144550898,розовый
1104,автобус,РАФ,LB42,2012,4692159616,черный
1432,легковой автомобиль,Honda,PN103,1996,1536354539,золотой
1866,легковой автомобиль,Honda,OW14,2015,3469736321,зеленый
317,мотоцикл,Suzuki,IL82,2011,1019409915,красный
1496,троллейбус,ГАЗ,YC64,2001,3046185618,красный
723,автобус,РАФ,ZT82,1995,4919341890,белый
689,поезд,Коломенский завод,VI26,1986,5375595024,золотой
858,грузовой автомобиль,KAMAZ,HG010,2009,6532859258,зеленый
1560,гужевой транспорт,Буйволы,NULL,NULL,NULL,NULL
380,гужевой транспорт,Овцы,NULL,NULL,NULL,NULL
1721,велосипед,Maxiscoo,JA910,2009,NULL,серебристый
1093,мотоцикл,Ducati,IR25,2002,7280219023,зеленый
623,гужевой транспорт,Ослы,NULL,NULL,NULL,NULL
338,гужевой транспорт,Ослы,NULL,NULL,NULL,NULL
1351,велосипед,Polisport,ZU910,1981,NULL,черный
1727,гужевой транспорт,Лошади,NULL,NULL,NULL,NULL
1168,легковой автомобиль,Lada,AO810,1997,0271511340,белый
1782,велосипед,Scott,DS73,1995,NULL,серебристый
272,трамвай,Метровагонмаш,XY23,2018,7075091425,золотой
1333,автобус,ЛАЗ,JA97,2003,6642179885,зеленый
1577,троллейбус,ГАЗ,LJ34,2003,1779358158,фиолетовый
1837,трамвай,Уралтрансмаш,LK91,2012,6077388161,красный
1523,мотоцикл,Harley-Davidson,LY19,1980,3282225730,красный
1542,автобус,ЛАЗ,QI74,2003,0397275644,розовый
392,велосипед,Polisport,LS08,1998,NULL,черный
728,легковой автомобиль,Land Rover,FU32,1998,9392704669,черный
1421,поезд,Новокузнецкий ВСЗ,WQ16,2008,6941301001,зеленый
1057,грузовой автомобиль,MAN,YD61,2011,5324075639,розовый
1423,мотоцикл,Honda,CM103,1994,4818744067,синий
740,поезд,Новокузнецкий ВСЗ,XC58,1999,6219521760,голубый
725,трамвай,Уралтрансмаш,CL64,1980,5916597972,белый
757,гужевой транспорт,Собаки,NULL,NULL,NULL,NULL
1238,велосипед,Maxiscoo,HO44,1996,NULL,черный
997,автобус,ЛАЗ,OF109,1982,9936645190,синий
568,гужевой транспорт,Собаки,NULL,NULL,NULL,NULL
1373,легковой автомобиль,BMW,JD83,1990,2784355303,серебристый
695,легковой автомобиль,Cadillac,YZ710,1992,6865185541,черный
257,гужевой транспорт,Лошади,NULL,NULL,NULL,NULL
1418,гужевой транспорт,Олени,NULL,NULL,NULL,NULL
1342,поезд,Новокузнецкий ВСЗ,SR35,2002,6456381556,коричневый
289,легковой автомобиль,Infinity,HF99,2011,2204570901,серебристый
5,легковой автомобиль,Kamaz,XB17,1998,4378136176,белый
1307,трамвай,Коломенский завод,CO55,1993,7446160172,коричневый
558,легковой автомобиль,Kamaz,JP57,2005,1040910770,желтый
1928,автобус,ГАЗ,GP60,1992,9999579320,белый
158,гужевой транспорт,Буйволы,NULL,NULL,NULL,NULL
211,мотоцикл,Hero,DE103,2013,4973149408,золотой
1343,велосипед,Stern,AC30,1982,NULL,синий
66,велосипед,Maxiscoo,LJ97,1993,NULL,розовый
662,поезд,Рузхиммаш,SF62,1985,6498460412,золотой
1344,троллейбус,ЛАЗ,SO18,1994,6979894655,красный
1729,мотоцикл,Suzuki,XU33,2000,5495277852,серебристый
255,поезд,Новокузнецкий ВСЗ,VZ33,1988,5860711815,оранжевый
939,легковой автомобиль,Citroen,UB02,1984,0187737282,желтый
1873,мотоцикл,Ducati,SX35,2016,1763423356,синий
1268,мотоцикл,Irbis,PI43,2003,5171545298,желтый
90,автобус,РАФ,ME44,1996,3148944737,желтый
1653,троллейбус,ЗИЛ,EE110,2018,9546579885,серебристый
1473,легковой автомобиль,Mazda,ZF51,2002,7476505038,оранжевый
374,гужевой транспорт,Лошади,NULL,NULL,NULL,NULL
480,мотоцикл,Irbis,SF29,2005,8743471954,желтый
132,троллейбус,ЗИЛ,JH107,2008,1396369429,коричневый
551,мотоцикл,Triumph,AY14,2004,4697043274,зеленый
661,мотоцикл,Suzuki,BE80,2005,1718559165,голубый
1404,поезд,Метровагонмаш,QJ67,1991,3401133112,желтый
1413,гужевой транспорт,Мулы,NULL,NULL,NULL,NULL
379,трамвай,Коломенский завод,LO18,1995,2444628635,серебристый
219,легковой автомобиль,Volvo,XS107,2003,0371781945,синий
1518,поезд,Новокузнецкий ВСЗ,EV29,1984,5550783244,голубый
1564,трамвай,Рузхиммаш,ZZ55,2013,5515510603,красный
883,поезд,Коломенский завод,MR86,1994,4772328414,зеленый
1033,поезд,Коломенский завод,QG03,1988,8344240105,коричневый
1520,троллейбус,ЗИЛ,TA41,2020,9043689449,коричневый
697,троллейбус,ГАЗ,JD44,1999,6235560362,черный
1696,легковой автомобиль,Mini,YW57,1997,3875037623,желтый
1724,грузовой автомобиль,MAZ,NA59,2010,0193930455,черный
1355,грузовой автомобиль,MAZ,UF98,2016,0412099013,зеленый
798,троллейбус,ЗИЛ,DU50,1988,8734335212,красный
76,поезд,Метровагонмаш,UP43,2003,5538970757,фиолетовый
1555,троллейбус,РАФ,EO34,1996,3280374538,оранжевый
1185,троллейбус,ЛАЗ,XA78,1994,8262821337,розовый
1541,троллейбус,ЛАЗ,BW42,2015,9231945742,розовый
1218,мотоцикл,Harley-Davidson,KS66,1994,8189341850,золотой
226,поезд,Уралтрансмаш,RE910,2012,8933123562,коричневый
808,трамвай,Метровагонмаш,SI37,2003,8489426283,голубый
166,троллейбус,ГАЗ,PS12,1998,2959145581,серебристый
1196,поезд,Рузхиммаш,IT80,1999,4125524091,белый
1785,трамвай,Новокузнецкий ВСЗ,DB72,1983,9662754745,голубый
217,мотоцикл,Irbis,SZ19,2014,7220861446,желтый
975,автобус,ЗИЛ,KI59,2019,1081316231,золотой
862,троллейбус,ЛАЗ,SX19,2017,1925708069,желтый
1219,поезд,Метровагонмаш,HS84,2006,4967397653,синий
1182,автобус,ГАЗ,FL85,2005,2299946322,черный
103,троллейбус,РАФ,EX105,2003,8390823362,фиолетовый
1087,велосипед,Eltreco,HR22,1995,NULL,оранжевый
971,легковой автомобиль,Renault,ZG210,2001,5284400152,розовый
921,трамвай,Коломенский завод,HL47,2013,2599407248,фиолетовый
1382,велосипед,Maxiscoo,VV74,2007,NULL,черный
1529,грузовой автомобиль,Foton,MG54,2010,9283431152,серебристый
995,гужевой транспорт,Лошади,NULL,NULL,NULL,NULL
733,велосипед,Stern,TC42,2015,NULL,серебристый
649,мотоцикл,Hero,NA09,1983,8693153976,голубый
556,автобус,ЗИЛ,OO07,2001,6658971807,золотой
1909,троллейбус,ЗИЛ,AO00,1995,3412806779,желтый
1701,мотоцикл,Yamaha,ZO07,2002,7783861920,желтый
1085,велосипед,KHE,XH84,1994,NULL,черный
475,троллейбус,ЗИЛ,XD97,2006,7774914035,желтый
1986,трамвай,Уралтрансмаш,TR93,1988,6130947220,розовый
725,легковой автомобиль,Cadillac,AJ710,1992,4144133484,голубый
192,велосипед,KHE,NR07,2000,NULL,синий
834,велосипед,Trek,RD25,1991,NULL,красный
958,автобус,ЗИЛ,AA49,2019,0415752526,голубый
119,мотоцикл,Triumph,SO40,2003,2572238969,черный
567,троллейбус,ГАЗ,QW10,1980,1924496209,голубый
1882,мотоцикл,Suzuki,IM04,2017,5980427210,синий
975,автобус,ЛАЗ,ED53,1989,4863851600,белый
839,автобус,ЗИЛ,EG04,1991,6079637588,розовый
383,мотоцикл,Suzuki,JR09,1987,7181304267,голубый
1674,мотоцикл,Hero,ZX99,1988,1638848435,красный
833,легковой автомобиль,Skoda,EK96,2004,6468977819,коричневый
170,легковой автомобиль,Lamborghini,PJ49,2020,0658081326,желтый
1168,легковой автомобиль,Nissan,YP52,2019,4785783517,розовый
631,мотоцикл,Triumph,AI105,1982,8515319911,желтый
1606,мотоцикл,Ducati,YC56,2001,1274655441,зеленый
1695,грузовой автомобиль,Тонор,FA03,1993,9109425779,красный
38,велосипед,Maxiscoo,VJ43,2011,NULL,оранжевый
1580,поезд,Новокузнецкий ВСЗ,LC97,1989,4008761233,голубый
1772,велосипед,Stern,GJ46,1980,NULL,желтый
1151,гужевой транспорт,Волы,NULL,NULL,NULL,NULL
1953,поезд,Рузхиммаш,ZO103,1981,1536944407,серебристый
942,мотоцикл,Hero,CD67,1984,6659527769,золотой
1093,автобус,ЗИЛ,ZV17,1999,6746024249,синий
423,автобус,ЛАЗ,UG00,2017,6298195396,красный
1008,трамвай,Новокузнецкий ВСЗ,NC70,2001,2394219941,коричневый
451,троллейбус,ГАЗ,IT83,1984,8247521482,красный
618,велосипед,Eltreco,PL82,1993,NULL,золотой
1667,мотоцикл,Kawasaki,QT35,1995,6094133562,красный
131,поезд,Метровагонмаш,VV44,2006,9615724658,коричневый
1616,автобус,ЛАЗ,DK97,1998,3615615266,серебристый
982,легковой автомобиль,Skoda,VZ100,2007,5038259315,синий
523,грузовой автомобиль,БелАз,CJ12,1981,7544627500,зеленый
690,гужевой транспорт,Олени,NULL,NULL,NULL,NULL
257,трамвай,Рузхиммаш,CH91,2010,9369258667,голубый
535,грузовой автомобиль,Тонор,XA23,1983,5151315674,белый
1044,автобус,ЛАЗ,IC910,2004,4761880200,зеленый
640,троллейбус,ЛАЗ,ER103,1986,1081543627,коричневый
951,велосипед,Polisport,QP86,1986,NULL,голубый
294,мотоцикл,Ducati,JQ97,1980,4829006361,серебристый
942,поезд,Коломенский завод,RY89,1992,7091317592,черный
945,троллейбус,ЗИЛ,OG74,2018,5473757933,серебристый
1941,легковой автомобиль,KIA,TI80,2020,7288539025,оранжевый
13,гужевой транспорт,Овцы,NULL,NULL,NULL,NULL
1427,гужевой транспорт,Буйволы,NULL,NULL,NULL,NULL
1644,гужевой транспорт,Лошади,NULL,NULL,NULL,NULL
901,грузовой автомобиль,Foton,UE36,1988,0387724869,синий
257,мотоцикл,Suzuki,KZ29,1986,2659966735,зеленый
387,автобус,РАФ,IK28,2009,4908071493,красный
399,грузовой автомобиль,MAZ,GE42,2009,1310706260,фиолетовый
596,легковой автомобиль,Honda,QC42,2018,3162844811,фиолетовый
1427,мотоцикл,Ducati,ND60,1994,8573739662,серебристый
1003,поезд,Новокузнецкий ВСЗ,JN61,1999,5138566630,коричневый
238,мотоцикл,Triumph,JI81,2007,3830699480,розовый
1591,троллейбус,ЛАЗ,VE93,2017,5913686280,фиолетовый
1988,грузовой автомобиль,KAMAZ,XP38,2018,7652873728,желтый
1237,трамвай,Уралтрансмаш,UX94,1984,8331400781,желтый
1190,грузовой автомобиль,Foton,BD97,1995,2417005582,желтый
1782,трамвай,Уралтрансмаш,QU70,2014,1182345178,розовый
723,гужевой транспорт,Олени,NULL,NULL,NULL,NULL
1518,гужевой транспорт,Овцы,NULL,NULL,NULL,NULL
1596,поезд,Рузхиммаш,CL95,2016,7371070890,желтый
1584,грузовой автомобиль,Тонор,NO99,2015,8320049180,черный
279,трамвай,Рузхиммаш,DR49,2020,1521748885,красный
477,трамвай,Уралтрансмаш,XE03,2019,1225290922,черный
404,поезд,Коломенский завод,HX53,1988,6451228941,коричневый
768,трамвай,Новокузнецкий ВСЗ,MU56,2020,3363191017,оранжевый
517,троллейбус,ЗИЛ,IU57,1981,9345893257,голубый
1824,троллейбус,РАФ,CC95,2012,6286926875,синий
1828,грузовой автомобиль,Foton,QY17,1994,7384919934,черный
973,поезд,Рузхиммаш,LG38,1995,1204838043,золотой
558,грузовой автомобиль,MAN,HY72,2008,2128580632,серебристый
194,мотоцикл,Suzuki,US33,2005,1670051094,красный
951,легковой автомобиль,Chevrolet,NV53,2009,5993156418,красный
1261,грузовой автомобиль,Foton,IZ85,1994,3937080888,красный
1700,трамвай,Метровагонмаш,CD36,2002,3122215576,фиолетовый
681,гужевой транспорт,Лошади,NULL,NULL,NULL,NULL
1059,автобус,РАФ,UP74,2011,1790040262,черный
938,гужевой транспорт,Буйволы,NULL,NULL,NULL,NULL
1692,поезд,Рузхиммаш,MN107,1991,3213327330,белый
1600,мотоцикл,BMW,DN05,1989,3710211351,красный
1486,автобус,ГАЗ,GF33,1988,6564070559,розовый
1144,грузовой автомобиль,Тонор,RG010,2003,1370306849,черный
1704,поезд,Рузхиммаш,BB810,2006,3307726956,желтый
157,поезд,Новокузнецкий ВСЗ,MG03,1984,7958171721,серебристый
1012,велосипед,Maxiscoo,MC43,2017,NULL,зеленый
1935,автобус,ЗИЛ,PZ39,1992,6017246050,красный
1765,мотоцикл,Ducati,XU69,1981,1192345664,зеленый
487,легковой автомобиль,Haval,PP106,1980,4091254920,серебристый
1116,мотоцикл,Harley-Davidson,CK58,1990,5928594035,голубый
1360,грузовой автомобиль,KAMAZ,HW32,2006,3357543655,голубый
616,грузовой автомобиль,MAZ,UI19,2007,3820090256,фиолетовый
1822,гужевой транспорт,Буйволы,NULL,NULL,NULL,NULL
239,велосипед,Eltreco,JI77,1984,NULL,золотой
1109,грузовой автомобиль,Тонор,RY16,2012,7549895363,оранжевый
1029,легковой автомобиль,Audi,GZ47,2005,1570465634,желтый
750,троллейбус,РАФ,NU33,1990,9809708738,розовый
527,мотоцикл,Yamaha,RI79,2014,9667992780,серебристый
446,троллейбус,РАФ,XH64,2015,3433893234,желтый
261,трамвай,Уралтрансмаш,WI30,1984,1062833562,серебристый
403,грузовой автомобиль,Тонор,TZ43,1989,2975198676,коричневый
1467,велосипед,Polisport,NQ101,1992,NULL,черный
252,автобус,ЗИЛ,YH20,1990,4911165963,серебристый
1952,автобус,ГАЗ,YK43,2015,7154749733,зеленый
1883,легковой автомобиль,Corvette,CI53,2005,5148078863,красный
1845,легковой автомобиль,KIA,ME02,2007,4428188754,серебристый
1283,мотоцикл,Honda,MH63,2015,4967755413,серебристый
1136,грузовой автомобиль,Тонор,KM26,1989,7278863907,синий
231,поезд,Метровагонмаш,OI36,1996,9522742071,белый
686,мотоцикл,Suzuki,SD24,2009,2203111395,синий
1022,троллейбус,ГАЗ,XB53,1996,6705474046,красный
1070,троллейбус,ГАЗ,BN510,1995,0589974488,желтый
1316,автобус,ЗИЛ,QZ60,1982,7173533147,белый
1113,гужевой транспорт,Волы,NULL,NULL,NULL,NULL
1483,грузовой автомобиль,Тонор,PR82,1986,1079957821,коричневый
883,мотоцикл,Harley-Davidson,OE44,2017,2371229607,серебристый
1098,мотоцикл,Harley-Davidson,SK11,1991,1386754199,розовый
1341,грузовой автомобиль,MAZ,AM05,2010,0804939545,желтый
179,поезд,Новокузнецкий ВСЗ,FF610,1984,9488779891,голубый
697,легковой автомобиль,Ford,TT00,2009,2681349436,черный
1412,поезд,Рузхиммаш,YB40,1984,3069187240,белый
1864,троллейбус,РАФ,EQ610,1999,6037289267,синий
1917,троллейбус,ГАЗ,ZK84,2016,0615102126,оранжевый
